Workbook
Name Efficiency: Parametrar!$B$4

Sheet Parametrar
A1: BATTERI-ARBITRAGE BERÄKNING
A3: REDIGERBARA PARAMETRAR
A4: Round-trip effektivitet | B4: 0.88 | C4: (Ändra för att uppdatera alla revenue-beräkningar)
A6: FASTA PARAMETRAR
A7: Zoner | B7: SE1, SE2, SE3, SE4
A9: FORMELFÖRKLARING
A10: Spread | B10: =Max pris - Min pris
A11: 1-Cycle Revenue | B11: =MAX(0, Max pris × effektivitet - Min pris)
A12: 2-Cycle Revenue | B12: =(Morgonpris × eff - Nattpris) + (Kvällspris × eff - Middagspris)
A14: TIDSZONER FÖR 2-CYCLE
A15: Cycle 1: Ladda | B15: 00:00-06:00 (natt)
A16: Cycle 1: Ladda ur | B16: 07:00-10:00 (morgon)
A17: Cycle 2: Ladda | B17: 11:00-15:00 (middag)
A18: Cycle 2: Ladda ur | B18: 17:00-21:00 (kväll)
A20: SHEET-STRUKTUR
A21: Priser SEn | B21: Dagliga min/max/avg priser per zon
A22: Beräkningar | B22: Revenue-formler per dag (refererar till Efficiency)
A23: Månadssammanfattning | B23: Aggregerat per månad och zon
A24: Årssammanfattning | B24: Aggregerat per år och zon
A25: Zonöversikt | B25: Pivot-vy: År × Zon för snabb jämförelse

Sheet Priser SE1
A1: Datum | B1: Min EUR/MWh | C1: Max EUR/MWh | D1: Min timme | E1: Max timme | F1: Avg EUR/MWh | G1: Period | H1: År | I1: Natt avg | J1: Morgon avg | K1: Middag avg | L1: Kväll avg
A2: 2021-11-01 | B2: 10.75 | C2: 19.97 | D2: 23:00 | E2: 06:00 | F2: 14.66 | G2: 2021-11 | H2: 2021 | I2: 15.05 | J2: 17.36 | K2: 14.46 | L2: 13.5
A3: 2021-11-02 | B3: 3.43 | C3: 18.7 | D3: 03:00 | E3: 12:00 | F3: 14.66 | G3: 2021-11 | H3: 2021 | I3: 7.65 | J3: 17.07 | K3: 18.32 | L3: 17.54
A4: 2021-11-03 | B4: 14.96 | C4: 22.98 | D4: 02:00 | E4: 21:00 | F4: 20.06 | G4: 2021-11 | H4: 2021 | I4: 16.44 | J4: 20.88 | K4: 21.31 | L4: 22.59
A5: 2021-11-04 | B5: 18.02 | C5: 34.38 | D5: 02:00 | E5: 09:00 | F5: 24.98 | G5: 2021-11 | H5: 2021 | I5: 20 | J5: 31.96 | K5: 29.23 | L5: 23.74
A6: 2021-11-05 | B6: 7.33 | C6: 20.19 | D6: 23:00 | E6: 06:00 | F6: 16.64 | G6: 2021-11 | H6: 2021 | I6: 16.42 | J6: 19.84 | K6: 18.41 | L6: 15.26
A7: 2021-11-06 | B7: 1.82 | C7: 13.95 | D7: 02:00 | E7: 18:00 | F7: 8.79 | G7: 2021-11 | H7: 2021 | I7: 2.55 | J7: 7.31 | K7: 12.26 | L7: 13.33
A8: 2021-11-07 | B8: 1.47 | C8: 18.02 | D8: 04:00 | E8: 17:00 | F8: 11.81 | G8: 2021-11 | H8: 2021 | I8: 3.43 | J8: 11.71 | K8: 15.31 | L8: 17.57
A9: 2021-11-08 | B9: 15.22 | C9: 29.37 | D9: 01:00 | E9: 12:00 | F9: 21.3 | G9: 2021-11 | H9: 2021 | I9: 17.13 | J9: 24.24 | K9: 25.49 | L9: 21.55
A10: 2021-11-09 | B10: 6.48 | C10: 17.02 | D10: 23:00 | E10: 00:00 | F10: 13.14 | G10: 2021-11 | H10: 2021 | I10: 14.13 | J10: 12.11 | K10: 12.73 | L10: 14.3
A11: 2021-11-10 | B11: 3.55 | C11: 12.66 | D11: 23:00 | E11: 07:00 | F11: 9.45 | G11: 2021-11 | H11: 2021 | I11: 6.04 | J11: 12.43 | K11: 12.22 | L11: 10.69
A12: 2021-11-11 | B12: 2.93 | C12: 12.93 | D12: 00:00 | E12: 18:00 | F12: 10.39 | G12: 2021-11 | H12: 2021 | I12: 5.35 | J12: 12.31 | K12: 12.7 | L12: 12.78
A13: 2021-11-12 | B13: 11.01 | C13: 16.43 | D13: 00:00 | E13: 14:00 | F13: 14.28 | G13: 2021-11 | H13: 2021 | I13: 11.9 | J13: 13.98 | K13: 15.85 | L13: 15.65
... A1528: 2026-01-05 | B1528: 79.93 | C1528: 250.58 | D1528: 05:00 | E1528: 17:00 | F1528: 138.93 | G1528: 2026-01 | H1528: 2026 | I1528: 87.65 | J1528: 144.6 | K1528: 155.8 | L1528: 181.19

Sheet Priser SE2
A1: Datum | B1: Min EUR/MWh | C1: Max EUR/MWh | D1: Min timme | E1: Max timme | F1: Avg EUR/MWh | G1: Period | H1: År | I1: Natt avg | J1: Morgon avg | K1: Middag avg | L1: Kväll avg
A2: 2021-11-01 | B2: 10.75 | C2: 19.97 | D2: 23:00 | E2: 06:00 | F2: 14.66 | G2: 2021-11 | H2: 2021 | I2: 15.05 | J2: 17.36 | K2: 14.46 | L2: 13.5
A3: 2021-11-02 | B3: 3.43 | C3: 18.7 | D3: 03:00 | E3: 12:00 | F3: 14.66 | G3: 2021-11 | H3: 2021 | I3: 7.65 | J3: 17.07 | K3: 18.32 | L3: 17.54
A4: 2021-11-03 | B4: 14.96 | C4: 22.98 | D4: 02:00 | E4: 21:00 | F4: 20.06 | G4: 2021-11 | H4: 2021 | I4: 16.44 | J4: 20.88 | K4: 21.31 | L4: 22.59
A5: 2021-11-04 | B5: 18.02 | C5: 34.38 | D5: 02:00 | E5: 09:00 | F5: 24.98 | G5: 2021-11 | H5: 2021 | I5: 20 | J5: 31.96 | K5: 29.23 | L5: 23.74
A6: 2021-11-05 | B6: 7.33 | C6: 20.19 | D6: 23:00 | E6: 06:00 | F6: 16.64 | G6: 2021-11 | H6: 2021 | I6: 16.42 | J6: 19.84 | K6: 18.41 | L6: 15.26
A7: 2021-11-06 | B7: 1.82 | C7: 13.95 | D7: 02:00 | E7: 18:00 | F7: 8.79 | G7: 2021-11 | H7: 2021 | I7: 2.55 | J7: 7.31 | K7: 12.26 | L7: 13.33
A8: 2021-11-07 | B8: 1.47 | C8: 18.02 | D8: 04:00 | E8: 17:00 | F8: 11.81 | G8: 2021-11 | H8: 2021 | I8: 3.43 | J8: 11.71 | K8: 15.31 | L8: 17.57
A9: 2021-11-08 | B9: 15.22 | C9: 29.37 | D9: 01:00 | E9: 12:00 | F9: 21.3 | G9: 2021-11 | H9: 2021 | I9: 17.13 | J9: 24.24 | K9: 25.49 | L9: 21.55
A10: 2021-11-09 | B10: 6.48 | C10: 17.02 | D10: 23:00 | E10: 00:00 | F10: 13.14 | G10: 2021-11 | H10: 2021 | I10: 14.13 | J10: 12.11 | K10: 12.73 | L10: 14.3
A11: 2021-11-10 | B11: 3.55 | C11: 12.66 | D11: 23:00 | E11: 07:00 | F11: 9.45 | G11: 2021-11 | H11: 2021 | I11: 6.04 | J11: 12.43 | K11: 12.22 | L11: 10.69
A12: 2021-11-11 | B12: 2.93 | C12: 12.93 | D12: 00:00 | E12: 18:00 | F12: 10.39 | G12: 2021-11 | H12: 2021 | I12: 5.35 | J12: 12.31 | K12: 12.7 | L12: 12.78
A13: 2021-11-12 | B13: 11.01 | C13: 16.43 | D13: 00:00 | E13: 14:00 | F13: 14.28 | G13: 2021-11 | H13: 2021 | I13: 11.9 | J13: 13.98 | K13: 15.85 | L13: 15.65
... A1528: 2026-01-05 | B1528: 81.08 | C1528: 250.58 | D1528: 05:00 | E1528: 17:00 | F1528: 139.05 | G1528: 2026-01 | H1528: 2026 | I1528: 87.97 | J1528: 144.61 | K1528: 155.86 | L1528: 181.19

Sheet Priser SE3
A1: Datum | B1: Min EUR/MWh | C1: Max EUR/MWh | D1: Min timme | E1: Max timme | F1: Avg EUR/MWh | G1: Period | H1: År | I1: Natt avg | J1: Morgon avg | K1: Middag avg | L1: Kväll avg
A2: 2021-11-01 | B2: 10.75 | C2: 91.13 | D2: 23:00 | E2: 17:00 | F2: 51.12 | G2: 2021-11 | H2: 2021 | I2: 15.05 | J2: 81.21 | K2: 78.68 | L2: 58.99
A3: 2021-11-02 | B3: 3.43 | C3: 99.13 | D3: 03:00 | E3: 16:00 | F3: 65.29 | G3: 2021-11 | H3: 2021 | I3: 18.07 | J3: 92.78 | K3: 95.89 | L3: 91.32
A4: 2021-11-03 | B4: 14.96 | C4: 119.41 | D4: 02:00 | E4: 17:00 | F4: 72.24 | G4: 2021-11 | H4: 2021 | I4: 25.15 | J4: 101.19 | K4: 100.56 | L4: 100.07
A5: 2021-11-04 | B5: 18.02 | C5: 124.83 | D5: 02:00 | E5: 16:00 | F5: 80.3 | G5: 2021-11 | H5: 2021 | I5: 33.38 | J5: 122.11 | K5: 112.17 | L5: 84.05
A6: 2021-11-05 | B6: 7.33 | C6: 102.41 | D6: 23:00 | E6: 08:00 | F6: 56.8 | G6: 2021-11 | H6: 2021 | I6: 24.01 | J6: 100.1 | K6: 86.9 | L6: 50.53
A7: 2021-11-06 | B7: 1.82 | C7: 75.09 | D7: 02:00 | E7: 16:00 | F7: 14.32 | G7: 2021-11 | H7: 2021 | I7: 2.55 | J7: 7.31 | K7: 12.26 | L7: 27.63
A8: 2021-11-07 | B8: 1.47 | C8: 83.85 | D8: 04:00 | E8: 17:00 | F8: 21.3 | G8: 2021-11 | H8: 2021 | I8: 3.43 | J8: 11.71 | K8: 16.33 | L8: 50.99
A9: 2021-11-08 | B9: 15.22 | C9: 283.39 | D9: 01:00 | E9: 17:00 | F9: 107.68 | G9: 2021-11 | H9: 2021 | I9: 29.77 | J9: 125.1 | K9: 117.26 | L9: 176.68
A10: 2021-11-09 | B10: 6.48 | C10: 97.03 | D10: 23:00 | E10: 08:00 | F10: 51.83 | G10: 2021-11 | H10: 2021 | I10: 39.74 | J10: 92.38 | K10: 62.17 | L10: 37.05
A11: 2021-11-10 | B11: 3.55 | C11: 97.82 | D11: 23:00 | E11: 17:00 | F11: 29.89 | G11: 2021-11 | H11: 2021 | I11: 6.04 | J11: 37.76 | K11: 39.18 | L11: 44.96
A12: 2021-11-11 | B12: 2.93 | C12: 94.52 | D12: 00:00 | E12: 17:00 | F12: 24.34 | G12: 2021-11 | H12: 2021 | I12: 5.35 | J12: 26.9 | K12: 19.54 | L12: 49.67
A13: 2021-11-12 | B13: 11.01 | C13: 100.01 | D13: 00:00 | E13: 17:00 | F13: 69.17 | G13: 2021-11 | H13: 2021 | I13: 19.27 | J13: 97.77 | K13: 93.68 | L13: 92.84
... A1528: 2026-01-05 | B1528: 81.18 | C1528: 250.58 | D1528: 00:00 | E1528: 17:00 | F1528: 139.75 | G1528: 2026-01 | H1528: 2026 | I1528: 90.15 | J1528: 144.65 | K1528: 156.02 | L1528: 181.23

Sheet Priser SE4
A1: Datum | B1: Min EUR/MWh | C1: Max EUR/MWh | D1: Min timme | E1: Max timme | F1: Avg EUR/MWh | G1: Period | H1: År | I1: Natt avg | J1: Morgon avg | K1: Middag avg | L1: Kväll avg
A2: 2021-11-01 | B2: 13.13 | C2: 94.75 | D2: 01:00 | E2: 17:00 | F2: 60.64 | G2: 2021-11 | H2: 2021 | I2: 15.05 | J2: 81.21 | K2: 78.81 | L2: 85.56
A3: 2021-11-02 | B3: 3.43 | C3: 133.89 | D3: 03:00 | E3: 09:00 | F3: 86.84 | G3: 2021-11 | H3: 2021 | I3: 21.1 | J3: 131.65 | K3: 132.07 | L3: 117.46
A4: 2021-11-03 | B4: 14.96 | C4: 165.14 | D4: 02:00 | E4: 16:00 | F4: 103.13 | G4: 2021-11 | H4: 2021 | I4: 50.99 | J4: 138.38 | K4: 134.7 | L4: 127.17
A5: 2021-11-04 | B5: 18.82 | C5: 140.79 | D5: 23:00 | E5: 10:00 | F5: 96.84 | G5: 2021-11 | H5: 2021 | I5: 68.45 | J5: 135.4 | K5: 122.42 | L5: 103.36
A6: 2021-11-05 | B6: 7.33 | C6: 102.41 | D6: 23:00 | E6: 08:00 | F6: 58.51 | G6: 2021-11 | H6: 2021 | I6: 24.01 | J6: 100.1 | K6: 86.9 | L6: 58.78
A7: 2021-11-06 | B7: 1.82 | C7: 75.09 | D7: 02:00 | E7: 16:00 | F7: 14.32 | G7: 2021-11 | H7: 2021 | I7: 2.55 | J7: 7.31 | K7: 12.26 | L7: 27.63
A8: 2021-11-07 | B8: 1.47 | C8: 83.85 | D8: 04:00 | E8: 17:00 | F8: 26.81 | G8: 2021-11 | H8: 2021 | I8: 3.43 | J8: 11.71 | K8: 16.33 | L8: 76.17
A9: 2021-11-08 | B9: 15.22 | C9: 292.7 | D9: 01:00 | E9: 18:00 | F9: 142.35 | G9: 2021-11 | H9: 2021 | I9: 43.29 | J9: 125.32 | K9: 188.82 | L9: 240.74
A10: 2021-11-09 | B10: 6.48 | C10: 183.09 | D10: 23:00 | E10: 07:00 | F10: 80.9 | G10: 2021-11 | H10: 2021 | I10: 93.07 | J10: 142.96 | K10: 80.09 | L10: 43.58
A11: 2021-11-10 | B11: 3.81 | C11: 193.72 | D11: 02:00 | E11: 17:00 | F11: 106.41 | G11: 2021-11 | H11: 2021 | I11: 15.68 | J11: 128.73 | K11: 157.5 | L11: 156.38
A12: 2021-11-11 | B12: 55.02 | C12: 162.22 | D12: 22:00 | E12: 16:00 | F12: 121.67 | G12: 2021-11 | H12: 2021 | I12: 91.29 | J12: 141.28 | K12: 148.49 | L12: 140.23
A13: 2021-11-12 | B13: 79.53 | C13: 209.61 | D13: 23:00 | E13: 08:00 | F13: 138.35 | G13: 2021-11 | H13: 2021 | I13: 104.32 | J13: 200.51 | K13: 163.57 | L13: 124.86
... A1528: 2026-01-05 | B1528: 81.18 | C1528: 250.58 | D1528: 00:00 | E1528: 17:00 | F1528: 139.78 | G1528: 2026-01 | H1528: 2026 | I1528: 90.17 | J1528: 144.66 | K1528: 156.08 | L1528: 181.25

Sheet Beräkningar
A1: Datum | B1: Zon | C1: Min EUR | D1: Max EUR | E1: Spread | F1: Revenue 1C | G1: Profitable 1C | H1: Cycle1 Rev | I1: Cycle2 Rev | J1: Revenue 2C | K1: Profitable 2C | L1: År
A2: ='Priser SE1'!A2 | B2: SE1 | C2: ='Priser SE1'!B2 | D2: ='Priser SE1'!C2 | E2: =D2-C2 | F2: =IFERROR(MAX(0,D2*Efficiency-C2),0) | G2: =IF(F2>0,1,0) | H2: =IFERROR(MAX(0,'Priser SE1'!J2*Efficiency-'Priser SE1'!I2),0) | I2: =IFERROR(MAX(0,'Priser SE1'!L2*Efficiency-'Priser SE1'!K2),0) | J2: =IFERROR(H2+I2,0) | K2: =IF(J2>0,1,0) | L2: ='Priser SE1'!H2
A3: ='Priser SE1'!A3 | B3: SE1 | C3: ='Priser SE1'!B3 | D3: ='Priser SE1'!C3 | E3: =D3-C3 | F3: =IFERROR(MAX(0,D3*Efficiency-C3),0) | G3: =IF(F3>0,1,0) | H3: =IFERROR(MAX(0,'Priser SE1'!J3*Efficiency-'Priser SE1'!I3),0) | I3: =IFERROR(MAX(0,'Priser SE1'!L3*Efficiency-'Priser SE1'!K3),0) | J3: =IFERROR(H3+I3,0) | K3: =IF(J3>0,1,0) | L3: ='Priser SE1'!H3
A4: ='Priser SE1'!A4 | B4: SE1 | C4: ='Priser SE1'!B4 | D4: ='Priser SE1'!C4 | E4: =D4-C4 | F4: =IFERROR(MAX(0,D4*Efficiency-C4),0) | G4: =IF(F4>0,1,0) | H4: =IFERROR(MAX(0,'Priser SE1'!J4*Efficiency-'Priser SE1'!I4),0) | I4: =IFERROR(MAX(0,'Priser SE1'!L4*Efficiency-'Priser SE1'!K4),0) | J4: =IFERROR(H4+I4,0) | K4: =IF(J4>0,1,0) | L4: ='Priser SE1'!H4
A5: ='Priser SE1'!A5 | B5: SE1 | C5: ='Priser SE1'!B5 | D5: ='Priser SE1'!C5 | E5: =D5-C5 | F5: =IFERROR(MAX(0,D5*Efficiency-C5),0) | G5: =IF(F5>0,1,0) | H5: =IFERROR(MAX(0,'Priser SE1'!J5*Efficiency-'Priser SE1'!I5),0) | I5: =IFERROR(MAX(0,'Priser SE1'!L5*Efficiency-'Priser SE1'!K5),0) | J5: =IFERROR(H5+I5,0) | K5: =IF(J5>0,1,0) | L5: ='Priser SE1'!H5
A6: ='Priser SE1'!A6 | B6: SE1 | C6: ='Priser SE1'!B6 | D6: ='Priser SE1'!C6 | E6: =D6-C6 | F6: =IFERROR(MAX(0,D6*Efficiency-C6),0) | G6: =IF(F6>0,1,0) | H6: =IFERROR(MAX(0,'Priser SE1'!J6*Efficiency-'Priser SE1'!I6),0) | I6: =IFERROR(MAX(0,'Priser SE1'!L6*Efficiency-'Priser SE1'!K6),0) | J6: =IFERROR(H6+I6,0) | K6: =IF(J6>0,1,0) | L6: ='Priser SE1'!H6
A7: ='Priser SE1'!A7 | B7: SE1 | C7: ='Priser SE1'!B7 | D7: ='Priser SE1'!C7 | E7: =D7-C7 | F7: =IFERROR(MAX(0,D7*Efficiency-C7),0) | G7: =IF(F7>0,1,0) | H7: =IFERROR(MAX(0,'Priser SE1'!J7*Efficiency-'Priser SE1'!I7),0) | I7: =IFERROR(MAX(0,'Priser SE1'!L7*Efficiency-'Priser SE1'!K7),0) | J7: =IFERROR(H7+I7,0) | K7: =IF(J7>0,1,0) | L7: ='Priser SE1'!H7
A8: ='Priser SE1'!A8 | B8: SE1 | C8: ='Priser SE1'!B8 | D8: ='Priser SE1'!C8 | E8: =D8-C8 | F8: =IFERROR(MAX(0,D8*Efficiency-C8),0) | G8: =IF(F8>0,1,0) | H8: =IFERROR(MAX(0,'Priser SE1'!J8*Efficiency-'Priser SE1'!I8),0) | I8: =IFERROR(MAX(0,'Priser SE1'!L8*Efficiency-'Priser SE1'!K8),0) | J8: =IFERROR(H8+I8,0) | K8: =IF(J8>0,1,0) | L8: ='Priser SE1'!H8
A9: ='Priser SE1'!A9 | B9: SE1 | C9: ='Priser SE1'!B9 | D9: ='Priser SE1'!C9 | E9: =D9-C9 | F9: =IFERROR(MAX(0,D9*Efficiency-C9),0) | G9: =IF(F9>0,1,0) | H9: =IFERROR(MAX(0,'Priser SE1'!J9*Efficiency-'Priser SE1'!I9),0) | I9: =IFERROR(MAX(0,'Priser SE1'!L9*Efficiency-'Priser SE1'!K9),0) | J9: =IFERROR(H9+I9,0) | K9: =IF(J9>0,1,0) | L9: ='Priser SE1'!H9
A10: ='Priser SE1'!A10 | B10: SE1 | C10: ='Priser SE1'!B10 | D10: ='Priser SE1'!C10 | E10: =D10-C10 | F10: =IFERROR(MAX(0,D10*Efficiency-C10),0) | G10: =IF(F10>0,1,0) | H10: =IFERROR(MAX(0,'Priser SE1'!J10*Efficiency-'Priser SE1'!I10),0) | I10: =IFERROR(MAX(0,'Priser SE1'!L10*Efficiency-'Priser SE1'!K10),0) | J10: =IFERROR(H10+I10,0) | K10: =IF(J10>0,1,0) | L10: ='Priser SE1'!H10
A11: ='Priser SE1'!A11 | B11: SE1 | C11: ='Priser SE1'!B11 | D11: ='Priser SE1'!C11 | E11: =D11-C11 | F11: =IFERROR(MAX(0,D11*Efficiency-C11),0) | G11: =IF(F11>0,1,0) | H11: =IFERROR(MAX(0,'Priser SE1'!J11*Efficiency-'Priser SE1'!I11),0) | I11: =IFERROR(MAX(0,'Priser SE1'!L11*Efficiency-'Priser SE1'!K11),0) | J11: =IFERROR(H11+I11,0) | K11: =IF(J11>0,1,0) | L11: ='Priser SE1'!H11
A12: ='Priser SE1'!A12 | B12: SE1 | C12: ='Priser SE1'!B12 | D12: ='Priser SE1'!C12 | E12: =D12-C12 | F12: =IFERROR(MAX(0,D12*Efficiency-C12),0) | G12: =IF(F12>0,1,0) | H12: =IFERROR(MAX(0,'Priser SE1'!J12*Efficiency-'Priser SE1'!I12),0) | I12: =IFERROR(MAX(0,'Priser SE1'!L12*Efficiency-'Priser SE1'!K12),0) | J12: =IFERROR(H12+I12,0) | K12: =IF(J12>0,1,0) | L12: ='Priser SE1'!H12
A13: ='Priser SE1'!A13 | B13: SE1 | C13: ='Priser SE1'!B13 | D13: ='Priser SE1'!C13 | E13: =D13-C13 | F13: =IFERROR(MAX(0,D13*Efficiency-C13),0) | G13: =IF(F13>0,1,0) | H13: =IFERROR(MAX(0,'Priser SE1'!J13*Efficiency-'Priser SE1'!I13),0) | I13: =IFERROR(MAX(0,'Priser SE1'!L13*Efficiency-'Priser SE1'!K13),0) | J13: =IFERROR(H13+I13,0) | K13: =IF(J13>0,1,0) | L13: ='Priser SE1'!H13
... A1528: ='Priser SE1'!A1528 | B1528: SE1 | C1528: ='Priser SE1'!B1528 | D1528: ='Priser SE1'!C1528 | E1528: =D1528-C1528 | F1528: =IFERROR(MAX(0,D1528*Efficiency-C1528),0) | G1528: =IF(F1528>0,1,0) | H1528: =IFERROR(MAX(0,'Priser SE1'!J1528*Efficiency-'Priser SE1'!I1528),0) | I1528: =IFERROR(MAX(0,'Priser SE1'!L1528*Efficiency-'Priser SE1'!K1528),0) | J1528: =IFERROR(H1528+I1528,0) | K1528: =IF(J1528>0,1,0) | L1528: ='Priser SE1'!H1528
A1529: ='Priser SE2'!A2 | B1529: SE2 | C1529: ='Priser SE2'!B2 | D1529: ='Priser SE2'!C2 | E1529: =D1529-C1529 | F1529: =IFERROR(MAX(0,D1529*Efficiency-C1529),0) | G1529: =IF(F1529>0,1,0) | H1529: =IFERROR(MAX(0,'Priser SE2'!J2*Efficiency-'Priser SE2'!I2),0) | I1529: =IFERROR(MAX(0,'Priser SE2'!L2*Efficiency-'Priser SE2'!K2),0) | J1529: =IFERROR(H1529+I1529,0) | K1529: =IF(J1529>0,1,0) | L1529: ='Priser SE2'!H2
A1530: ='Priser SE2'!A3 | B1530: SE2 | C1530: ='Priser SE2'!B3 | D1530: ='Priser SE2'!C3 | E1530: =D1530-C1530 | F1530: =IFERROR(MAX(0,D1530*Efficiency-C1530),0) | G1530: =IF(F1530>0,1,0) | H1530: =IFERROR(MAX(0,'Priser SE2'!J3*Efficiency-'Priser SE2'!I3),0) | I1530: =IFERROR(MAX(0,'Priser SE2'!L3*Efficiency-'Priser SE2'!K3),0) | J1530: =IFERROR(H1530+I1530,0) | K1530: =IF(J1530>0,1,0) | L1530: ='Priser SE2'!H3
A1531: ='Priser SE2'!A4 | B1531: SE2 | C1531: ='Priser SE2'!B4 | D1531: ='Priser SE2'!C4 | E1531: =D1531-C1531 | F1531: =IFERROR(MAX(0,D1531*Efficiency-C1531),0) | G1531: =IF(F1531>0,1,0) | H1531: =IFERROR(MAX(0,'Priser SE2'!J4*Efficiency-'Priser SE2'!I4),0) | I1531: =IFERROR(MAX(0,'Priser SE2'!L4*Efficiency-'Priser SE2'!K4),0) | J1531: =IFERROR(H1531+I1531,0) | K1531: =IF(J1531>0,1,0) | L1531: ='Priser SE2'!H4
A1532: ='Priser SE2'!A5 | B1532: SE2 | C1532: ='Priser SE2'!B5 | D1532: ='Priser SE2'!C5 | E1532: =D1532-C1532 | F1532: =IFERROR(MAX(0,D1532*Efficiency-C1532),0) | G1532: =IF(F1532>0,1,0) | H1532: =IFERROR(MAX(0,'Priser SE2'!J5*Efficiency-'Priser SE2'!I5),0) | I1532: =IFERROR(MAX(0,'Priser SE2'!L5*Efficiency-'Priser SE2'!K5),0) | J1532: =IFERROR(H1532+I1532,0) | K1532: =IF(J1532>0,1,0) | L1532: ='Priser SE2'!H5
A1533: ='Priser SE2'!A6 | B1533: SE2 | C1533: ='Priser SE2'!B6 | D1533: ='Priser SE2'!C6 | E1533: =D1533-C1533 | F1533: =IFERROR(MAX(0,D1533*Efficiency-C1533),0) | G1533: =IF(F1533>0,1,0) | H1533: =IFERROR(MAX(0,'Priser SE2'!J6*Efficiency-'Priser SE2'!I6),0) | I1533: =IFERROR(MAX(0,'Priser SE2'!L6*Efficiency-'Priser SE2'!K6),0) | J1533: =IFERROR(H1533+I1533,0) | K1533: =IF(J1533>0,1,0) | L1533: ='Priser SE2'!H6
A1534: ='Priser SE2'!A7 | B1534: SE2 | C1534: ='Priser SE2'!B7 | D1534: ='Priser SE2'!C7 | E1534: =D1534-C1534 | F1534: =IFERROR(MAX(0,D1534*Efficiency-C1534),0) | G1534: =IF(F1534>0,1,0) | H1534: =IFERROR(MAX(0,'Priser SE2'!J7*Efficiency-'Priser SE2'!I7),0) | I1534: =IFERROR(MAX(0,'Priser SE2'!L7*Efficiency-'Priser SE2'!K7),0) | J1534: =IFERROR(H1534+I1534,0) | K1534: =IF(J1534>0,1,0) | L1534: ='Priser SE2'!H7
A1535: ='Priser SE2'!A8 | B1535: SE2 | C1535: ='Priser SE2'!B8 | D1535: ='Priser SE2'!C8 | E1535: =D1535-C1535 | F1535: =IFERROR(MAX(0,D1535*Efficiency-C1535),0) | G1535: =IF(F1535>0,1,0) | H1535: =IFERROR(MAX(0,'Priser SE2'!J8*Efficiency-'Priser SE2'!I8),0) | I1535: =IFERROR(MAX(0,'Priser SE2'!L8*Efficiency-'Priser SE2'!K8),0) | J1535: =IFERROR(H1535+I1535,0) | K1535: =IF(J1535>0,1,0) | L1535: ='Priser SE2'!H8
A1536: ='Priser SE2'!A9 | B1536: SE2 | C1536: ='Priser SE2'!B9 | D1536: ='Priser SE2'!C9 | E1536: =D1536-C1536 | F1536: =IFERROR(MAX(0,D1536*Efficiency-C1536),0) | G1536: =IF(F1536>0,1,0) | H1536: =IFERROR(MAX(0,'Priser SE2'!J9*Efficiency-'Priser SE2'!I9),0) | I1536: =IFERROR(MAX(0,'Priser SE2'!L9*Efficiency-'Priser SE2'!K9),0) | J1536: =IFERROR(H1536+I1536,0) | K1536: =IF(J1536>0,1,0) | L1536: ='Priser SE2'!H9
A1537: ='Priser SE2'!A10 | B1537: SE2 | C1537: ='Priser SE2'!B10 | D1537: ='Priser SE2'!C10 | E1537: =D1537-C1537 | F1537: =IFERROR(MAX(0,D1537*Efficiency-C1537),0) | G1537: =IF(F1537>0,1,0) | H1537: =IFERROR(MAX(0,'Priser SE2'!J10*Efficiency-'Priser SE2'!I10),0) | I1537: =IFERROR(MAX(0,'Priser SE2'!L10*Efficiency-'Priser SE2'!K10),0) | J1537: =IFERROR(H1537+I1537,0) | K1537: =IF(J1537>0,1,0) | L1537: ='Priser SE2'!H10
A1538: ='Priser SE2'!A11 | B1538: SE2 | C1538: ='Priser SE2'!B11 | D1538: ='Priser SE2'!C11 | E1538: =D1538-C1538 | F1538: =IFERROR(MAX(0,D1538*Efficiency-C1538),0) | G1538: =IF(F1538>0,1,0) | H1538: =IFERROR(MAX(0,'Priser SE2'!J11*Efficiency-'Priser SE2'!I11),0) | I1538: =IFERROR(MAX(0,'Priser SE2'!L11*Efficiency-'Priser SE2'!K11),0) | J1538: =IFERROR(H1538+I1538,0) | K1538: =IF(J1538>0,1,0) | L1538: ='Priser SE2'!H11
A1539: ='Priser SE2'!A12 | B1539: SE2 | C1539: ='Priser SE2'!B12 | D1539: ='Priser SE2'!C12 | E1539: =D1539-C1539 | F1539: =IFERROR(MAX(0,D1539*Efficiency-C1539),0) | G1539: =IF(F1539>0,1,0) | H1539: =IFERROR(MAX(0,'Priser SE2'!J12*Efficiency-'Priser SE2'!I12),0) | I1539: =IFERROR(MAX(0,'Priser SE2'!L12*Efficiency-'Priser SE2'!K12),0) | J1539: =IFERROR(H1539+I1539,0) | K1539: =IF(J1539>0,1,0) | L1539: ='Priser SE2'!H12
A1540: ='Priser SE2'!A13 | B1540: SE2 | C1540: ='Priser SE2'!B13 | D1540: ='Priser SE2'!C13 | E1540: =D1540-C1540 | F1540: =IFERROR(MAX(0,D1540*Efficiency-C1540),0) | G1540: =IF(F1540>0,1,0) | H1540: =IFERROR(MAX(0,'Priser SE2'!J13*Efficiency-'Priser SE2'!I13),0) | I1540: =IFERROR(MAX(0,'Priser SE2'!L13*Efficiency-'Priser SE2'!K13),0) | J1540: =IFERROR(H1540+I1540,0) | K1540: =IF(J1540>0,1,0) | L1540: ='Priser SE2'!H13
... A3055: ='Priser SE2'!A1528 | B3055: SE2 | C3055: ='Priser SE2'!B1528 | D3055: ='Priser SE2'!C1528 | E3055: =D3055-C3055 | F3055: =IFERROR(MAX(0,D3055*Efficiency-C3055),0) | G3055: =IF(F3055>0,1,0) | H3055: =IFERROR(MAX(0,'Priser SE2'!J1528*Efficiency-'Priser SE2'!I1528),0) | I3055: =IFERROR(MAX(0,'Priser SE2'!L1528*Efficiency-'Priser SE2'!K1528),0) | J3055: =IFERROR(H3055+I3055,0) | K3055: =IF(J3055>0,1,0) | L3055: ='Priser SE2'!H1528
A3056: ='Priser SE3'!A2 | B3056: SE3 | C3056: ='Priser SE3'!B2 | D3056: ='Priser SE3'!C2 | E3056: =D3056-C3056 | F3056: =IFERROR(MAX(0,D3056*Efficiency-C3056),0) | G3056: =IF(F3056>0,1,0) | H3056: =IFERROR(MAX(0,'Priser SE3'!J2*Efficiency-'Priser SE3'!I2),0) | I3056: =IFERROR(MAX(0,'Priser SE3'!L2*Efficiency-'Priser SE3'!K2),0) | J3056: =IFERROR(H3056+I3056,0) | K3056: =IF(J3056>0,1,0) | L3056: ='Priser SE3'!H2
A3057: ='Priser SE3'!A3 | B3057: SE3 | C3057: ='Priser SE3'!B3 | D3057: ='Priser SE3'!C3 | E3057: =D3057-C3057 | F3057: =IFERROR(MAX(0,D3057*Efficiency-C3057),0) | G3057: =IF(F3057>0,1,0) | H3057: =IFERROR(MAX(0,'Priser SE3'!J3*Efficiency-'Priser SE3'!I3),0) | I3057: =IFERROR(MAX(0,'Priser SE3'!L3*Efficiency-'Priser SE3'!K3),0) | J3057: =IFERROR(H3057+I3057,0) | K3057: =IF(J3057>0,1,0) | L3057: ='Priser SE3'!H3
A3058: ='Priser SE3'!A4 | B3058: SE3 | C3058: ='Priser SE3'!B4 | D3058: ='Priser SE3'!C4 | E3058: =D3058-C3058 | F3058: =IFERROR(MAX(0,D3058*Efficiency-C3058),0) | G3058: =IF(F3058>0,1,0) | H3058: =IFERROR(MAX(0,'Priser SE3'!J4*Efficiency-'Priser SE3'!I4),0) | I3058: =IFERROR(MAX(0,'Priser SE3'!L4*Efficiency-'Priser SE3'!K4),0) | J3058: =IFERROR(H3058+I3058,0) | K3058: =IF(J3058>0,1,0) | L3058: ='Priser SE3'!H4
A3059: ='Priser SE3'!A5 | B3059: SE3 | C3059: ='Priser SE3'!B5 | D3059: ='Priser SE3'!C5 | E3059: =D3059-C3059 | F3059: =IFERROR(MAX(0,D3059*Efficiency-C3059),0) | G3059: =IF(F3059>0,1,0) | H3059: =IFERROR(MAX(0,'Priser SE3'!J5*Efficiency-'Priser SE3'!I5),0) | I3059: =IFERROR(MAX(0,'Priser SE3'!L5*Efficiency-'Priser SE3'!K5),0) | J3059: =IFERROR(H3059+I3059,0) | K3059: =IF(J3059>0,1,0) | L3059: ='Priser SE3'!H5
A3060: ='Priser SE3'!A6 | B3060: SE3 | C3060: ='Priser SE3'!B6 | D3060: ='Priser SE3'!C6 | E3060: =D3060-C3060 | F3060: =IFERROR(MAX(0,D3060*Efficiency-C3060),0) | G3060: =IF(F3060>0,1,0) | H3060: =IFERROR(MAX(0,'Priser SE3'!J6*Efficiency-'Priser SE3'!I6),0) | I3060: =IFERROR(MAX(0,'Priser SE3'!L6*Efficiency-'Priser SE3'!K6),0) | J3060: =IFERROR(H3060+I3060,0) | K3060: =IF(J3060>0,1,0) | L3060: ='Priser SE3'!H6
A3061: ='Priser SE3'!A7 | B3061: SE3 | C3061: ='Priser SE3'!B7 | D3061: ='Priser SE3'!C7 | E3061: =D3061-C3061 | F3061: =IFERROR(MAX(0,D3061*Efficiency-C3061),0) | G3061: =IF(F3061>0,1,0) | H3061: =IFERROR(MAX(0,'Priser SE3'!J7*Efficiency-'Priser SE3'!I7),0) | I3061: =IFERROR(MAX(0,'Priser SE3'!L7*Efficiency-'Priser SE3'!K7),0) | J3061: =IFERROR(H3061+I3061,0) | K3061: =IF(J3061>0,1,0) | L3061: ='Priser SE3'!H7
A3062: ='Priser SE3'!A8 | B3062: SE3 | C3062: ='Priser SE3'!B8 | D3062: ='Priser SE3'!C8 | E3062: =D3062-C3062 | F3062: =IFERROR(MAX(0,D3062*Efficiency-C3062),0) | G3062: =IF(F3062>0,1,0) | H3062: =IFERROR(MAX(0,'Priser SE3'!J8*Efficiency-'Priser SE3'!I8),0) | I3062: =IFERROR(MAX(0,'Priser SE3'!L8*Efficiency-'Priser SE3'!K8),0) | J3062: =IFERROR(H3062+I3062,0) | K3062: =IF(J3062>0,1,0) | L3062: ='Priser SE3'!H8
A3063: ='Priser SE3'!A9 | B3063: SE3 | C3063: ='Priser SE3'!B9 | D3063: ='Priser SE3'!C9 | E3063: =D3063-C3063 | F3063: =IFERROR(MAX(0,D3063*Efficiency-C3063),0) | G3063: =IF(F3063>0,1,0) | H3063: =IFERROR(MAX(0,'Priser SE3'!J9*Efficiency-'Priser SE3'!I9),0) | I3063: =IFERROR(MAX(0,'Priser SE3'!L9*Efficiency-'Priser SE3'!K9),0) | J3063: =IFERROR(H3063+I3063,0) | K3063: =IF(J3063>0,1,0) | L3063: ='Priser SE3'!H9
A3064: ='Priser SE3'!A10 | B3064: SE3 | C3064: ='Priser SE3'!B10 | D3064: ='Priser SE3'!C10 | E3064: =D3064-C3064 | F3064: =IFERROR(MAX(0,D3064*Efficiency-C3064),0) | G3064: =IF(F3064>0,1,0) | H3064: =IFERROR(MAX(0,'Priser SE3'!J10*Efficiency-'Priser SE3'!I10),0) | I3064: =IFERROR(MAX(0,'Priser SE3'!L10*Efficiency-'Priser SE3'!K10),0) | J3064: =IFERROR(H3064+I3064,0) | K3064: =IF(J3064>0,1,0) | L3064: ='Priser SE3'!H10
A3065: ='Priser SE3'!A11 | B3065: SE3 | C3065: ='Priser SE3'!B11 | D3065: ='Priser SE3'!C11 | E3065: =D3065-C3065 | F3065: =IFERROR(MAX(0,D3065*Efficiency-C3065),0) | G3065: =IF(F3065>0,1,0) | H3065: =IFERROR(MAX(0,'Priser SE3'!J11*Efficiency-'Priser SE3'!I11),0) | I3065: =IFERROR(MAX(0,'Priser SE3'!L11*Efficiency-'Priser SE3'!K11),0) | J3065: =IFERROR(H3065+I3065,0) | K3065: =IF(J3065>0,1,0) | L3065: ='Priser SE3'!H11
A3066: ='Priser SE3'!A12 | B3066: SE3 | C3066: ='Priser SE3'!B12 | D3066: ='Priser SE3'!C12 | E3066: =D3066-C3066 | F3066: =IFERROR(MAX(0,D3066*Efficiency-C3066),0) | G3066: =IF(F3066>0,1,0) | H3066: =IFERROR(MAX(0,'Priser SE3'!J12*Efficiency-'Priser SE3'!I12),0) | I3066: =IFERROR(MAX(0,'Priser SE3'!L12*Efficiency-'Priser SE3'!K12),0) | J3066: =IFERROR(H3066+I3066,0) | K3066: =IF(J3066>0,1,0) | L3066: ='Priser SE3'!H12
A3067: ='Priser SE3'!A13 | B3067: SE3 | C3067: ='Priser SE3'!B13 | D3067: ='Priser SE3'!C13 | E3067: =D3067-C3067 | F3067: =IFERROR(MAX(0,D3067*Efficiency-C3067),0) | G3067: =IF(F3067>0,1,0) | H3067: =IFERROR(MAX(0,'Priser SE3'!J13*Efficiency-'Priser SE3'!I13),0) | I3067: =IFERROR(MAX(0,'Priser SE3'!L13*Efficiency-'Priser SE3'!K13),0) | J3067: =IFERROR(H3067+I3067,0) | K3067: =IF(J3067>0,1,0) | L3067: ='Priser SE3'!H13
... A4582: ='Priser SE3'!A1528 | B4582: SE3 | C4582: ='Priser SE3'!B1528 | D4582: ='Priser SE3'!C1528 | E4582: =D4582-C4582 | F4582: =IFERROR(MAX(0,D4582*Efficiency-C4582),0) | G4582: =IF(F4582>0,1,0) | H4582: =IFERROR(MAX(0,'Priser SE3'!J1528*Efficiency-'Priser SE3'!I1528),0) | I4582: =IFERROR(MAX(0,'Priser SE3'!L1528*Efficiency-'Priser SE3'!K1528),0) | J4582: =IFERROR(H4582+I4582,0) | K4582: =IF(J4582>0,1,0) | L4582: ='Priser SE3'!H1528
A4583: ='Priser SE4'!A2 | B4583: SE4 | C4583: ='Priser SE4'!B2 | D4583: ='Priser SE4'!C2 | E4583: =D4583-C4583 | F4583: =IFERROR(MAX(0,D4583*Efficiency-C4583),0) | G4583: =IF(F4583>0,1,0) | H4583: =IFERROR(MAX(0,'Priser SE4'!J2*Efficiency-'Priser SE4'!I2),0) | I4583: =IFERROR(MAX(0,'Priser SE4'!L2*Efficiency-'Priser SE4'!K2),0) | J4583: =IFERROR(H4583+I4583,0) | K4583: =IF(J4583>0,1,0) | L4583: ='Priser SE4'!H2
A4584: ='Priser SE4'!A3 | B4584: SE4 | C4584: ='Priser SE4'!B3 | D4584: ='Priser SE4'!C3 | E4584: =D4584-C4584 | F4584: =IFERROR(MAX(0,D4584*Efficiency-C4584),0) | G4584: =IF(F4584>0,1,0) | H4584: =IFERROR(MAX(0,'Priser SE4'!J3*Efficiency-'Priser SE4'!I3),0) | I4584: =IFERROR(MAX(0,'Priser SE4'!L3*Efficiency-'Priser SE4'!K3),0) | J4584: =IFERROR(H4584+I4584,0) | K4584: =IF(J4584>0,1,0) | L4584: ='Priser SE4'!H3
A4585: ='Priser SE4'!A4 | B4585: SE4 | C4585: ='Priser SE4'!B4 | D4585: ='Priser SE4'!C4 | E4585: =D4585-C4585 | F4585: =IFERROR(MAX(0,D4585*Efficiency-C4585),0) | G4585: =IF(F4585>0,1,0) | H4585: =IFERROR(MAX(0,'Priser SE4'!J4*Efficiency-'Priser SE4'!I4),0) | I4585: =IFERROR(MAX(0,'Priser SE4'!L4*Efficiency-'Priser SE4'!K4),0) | J4585: =IFERROR(H4585+I4585,0) | K4585: =IF(J4585>0,1,0) | L4585: ='Priser SE4'!H4
A4586: ='Priser SE4'!A5 | B4586: SE4 | C4586: ='Priser SE4'!B5 | D4586: ='Priser SE4'!C5 | E4586: =D4586-C4586 | F4586: =IFERROR(MAX(0,D4586*Efficiency-C4586),0) | G4586: =IF(F4586>0,1,0) | H4586: =IFERROR(MAX(0,'Priser SE4'!J5*Efficiency-'Priser SE4'!I5),0) | I4586: =IFERROR(MAX(0,'Priser SE4'!L5*Efficiency-'Priser SE4'!K5),0) | J4586: =IFERROR(H4586+I4586,0) | K4586: =IF(J4586>0,1,0) | L4586: ='Priser SE4'!H5
A4587: ='Priser SE4'!A6 | B4587: SE4 | C4587: ='Priser SE4'!B6 | D4587: ='Priser SE4'!C6 | E4587: =D4587-C4587 | F4587: =IFERROR(MAX(0,D4587*Efficiency-C4587),0) | G4587: =IF(F4587>0,1,0) | H4587: =IFERROR(MAX(0,'Priser SE4'!J6*Efficiency-'Priser SE4'!I6),0) | I4587: =IFERROR(MAX(0,'Priser SE4'!L6*Efficiency-'Priser SE4'!K6),0) | J4587: =IFERROR(H4587+I4587,0) | K4587: =IF(J4587>0,1,0) | L4587: ='Priser SE4'!H6
A4588: ='Priser SE4'!A7 | B4588: SE4 | C4588: ='Priser SE4'!B7 | D4588: ='Priser SE4'!C7 | E4588: =D4588-C4588 | F4588: =IFERROR(MAX(0,D4588*Efficiency-C4588),0) | G4588: =IF(F4588>0,1,0) | H4588: =IFERROR(MAX(0,'Priser SE4'!J7*Efficiency-'Priser SE4'!I7),0) | I4588: =IFERROR(MAX(0,'Priser SE4'!L7*Efficiency-'Priser SE4'!K7),0) | J4588: =IFERROR(H4588+I4588,0) | K4588: =IF(J4588>0,1,0) | L4588: ='Priser SE4'!H7
A4589: ='Priser SE4'!A8 | B4589: SE4 | C4589: ='Priser SE4'!B8 | D4589: ='Priser SE4'!C8 | E4589: =D4589-C4589 | F4589: =IFERROR(MAX(0,D4589*Efficiency-C4589),0) | G4589: =IF(F4589>0,1,0) | H4589: =IFERROR(MAX(0,'Priser SE4'!J8*Efficiency-'Priser SE4'!I8),0) | I4589: =IFERROR(MAX(0,'Priser SE4'!L8*Efficiency-'Priser SE4'!K8),0) | J4589: =IFERROR(H4589+I4589,0) | K4589: =IF(J4589>0,1,0) | L4589: ='Priser SE4'!H8
A4590: ='Priser SE4'!A9 | B4590: SE4 | C4590: ='Priser SE4'!B9 | D4590: ='Priser SE4'!C9 | E4590: =D4590-C4590 | F4590: =IFERROR(MAX(0,D4590*Efficiency-C4590),0) | G4590: =IF(F4590>0,1,0) | H4590: =IFERROR(MAX(0,'Priser SE4'!J9*Efficiency-'Priser SE4'!I9),0) | I4590: =IFERROR(MAX(0,'Priser SE4'!L9*Efficiency-'Priser SE4'!K9),0) | J4590: =IFERROR(H4590+I4590,0) | K4590: =IF(J4590>0,1,0) | L4590: ='Priser SE4'!H9
A4591: ='Priser SE4'!A10 | B4591: SE4 | C4591: ='Priser SE4'!B10 | D4591: ='Priser SE4'!C10 | E4591: =D4591-C4591 | F4591: =IFERROR(MAX(0,D4591*Efficiency-C4591),0) | G4591: =IF(F4591>0,1,0) | H4591: =IFERROR(MAX(0,'Priser SE4'!J10*Efficiency-'Priser SE4'!I10),0) | I4591: =IFERROR(MAX(0,'Priser SE4'!L10*Efficiency-'Priser SE4'!K10),0) | J4591: =IFERROR(H4591+I4591,0) | K4591: =IF(J4591>0,1,0) | L4591: ='Priser SE4'!H10
A4592: ='Priser SE4'!A11 | B4592: SE4 | C4592: ='Priser SE4'!B11 | D4592: ='Priser SE4'!C11 | E4592: =D4592-C4592 | F4592: =IFERROR(MAX(0,D4592*Efficiency-C4592),0) | G4592: =IF(F4592>0,1,0) | H4592: =IFERROR(MAX(0,'Priser SE4'!J11*Efficiency-'Priser SE4'!I11),0) | I4592: =IFERROR(MAX(0,'Priser SE4'!L11*Efficiency-'Priser SE4'!K11),0) | J4592: =IFERROR(H4592+I4592,0) | K4592: =IF(J4592>0,1,0) | L4592: ='Priser SE4'!H11
A4593: ='Priser SE4'!A12 | B4593: SE4 | C4593: ='Priser SE4'!B12 | D4593: ='Priser SE4'!C12 | E4593: =D4593-C4593 | F4593: =IFERROR(MAX(0,D4593*Efficiency-C4593),0) | G4593: =IF(F4593>0,1,0) | H4593: =IFERROR(MAX(0,'Priser SE4'!J12*Efficiency-'Priser SE4'!I12),0) | I4593: =IFERROR(MAX(0,'Priser SE4'!L12*Efficiency-'Priser SE4'!K12),0) | J4593: =IFERROR(H4593+I4593,0) | K4593: =IF(J4593>0,1,0) | L4593: ='Priser SE4'!H12
A4594: ='Priser SE4'!A13 | B4594: SE4 | C4594: ='Priser SE4'!B13 | D4594: ='Priser SE4'!C13 | E4594: =D4594-C4594 | F4594: =IFERROR(MAX(0,D4594*Efficiency-C4594),0) | G4594: =IF(F4594>0,1,0) | H4594: =IFERROR(MAX(0,'Priser SE4'!J13*Efficiency-'Priser SE4'!I13),0) | I4594: =IFERROR(MAX(0,'Priser SE4'!L13*Efficiency-'Priser SE4'!K13),0) | J4594: =IFERROR(H4594+I4594,0) | K4594: =IF(J4594>0,1,0) | L4594: ='Priser SE4'!H13
... A6109: ='Priser SE4'!A1528 | B6109: SE4 | C6109: ='Priser SE4'!B1528 | D6109: ='Priser SE4'!C1528 | E6109: =D6109-C6109 | F6109: =IFERROR(MAX(0,D6109*Efficiency-C6109),0) | G6109: =IF(F6109>0,1,0) | H6109: =IFERROR(MAX(0,'Priser SE4'!J1528*Efficiency-'Priser SE4'!I1528),0) | I6109: =IFERROR(MAX(0,'Priser SE4'!L1528*Efficiency-'Priser SE4'!K1528),0) | J6109: =IFERROR(H6109+I6109,0) | K6109: =IF(J6109>0,1,0) | L6109: ='Priser SE4'!H1528

Sheet Månadssammanfattning
A1: Period | B1: Zon | C1: Antal dagar | D1: Avg Spread | E1: Median Spread | F1: Max Spread | G1: Revenue 1C | H1: Profitable 1C % | I1: Revenue 2C | J1: Profitable 2C %
A2: 2021-11 | B2: SE1 | C2: =IFERROR(SUMPRODUCT((Beräkningar!B:B=B2)*('Priser SE1'!G:G=A2)*1),0) | D2: =IFERROR(AVERAGEIFS(Beräkningar!E:E,Beräkningar!B:B,B2,'Priser SE1'!G:G,A2),0) | E2: 11.02 | F2: =IFERROR(MAXIFS(Beräkningar!E:E,Beräkningar!B:B,B2,'Priser SE1'!G:G,A2),0) | G2: =IFERROR(SUMIFS(Beräkningar!F:F,Beräkningar!B:B,B2,'Priser SE1'!G:G,A2),0) | H2: =IFERROR(IF(C2>0,SUMIFS(Beräkningar!G:G,Beräkningar!B:B,B2,'Priser SE1'!G:G,A2)/C2,0),0) | I2: =IFERROR(SUMIFS(Beräkningar!J:J,Beräkningar!B:B,B2,'Priser SE1'!G:G,A2),0) | J2: =IFERROR(IF(C2>0,SUMIFS(Beräkningar!K:K,Beräkningar!B:B,B2,'Priser SE1'!G:G,A2)/C2,0),0)
A3: 2021-11 | B3: SE2 | C3: =IFERROR(SUMPRODUCT((Beräkningar!B:B=B3)*('Priser SE2'!G:G=A3)*1),0) | D3: =IFERROR(AVERAGEIFS(Beräkningar!E:E,Beräkningar!B:B,B3,'Priser SE2'!G:G,A3),0) | E3: 11.02 | F3: =IFERROR(MAXIFS(Beräkningar!E:E,Beräkningar!B:B,B3,'Priser SE2'!G:G,A3),0) | G3: =IFERROR(SUMIFS(Beräkningar!F:F,Beräkningar!B:B,B3,'Priser SE2'!G:G,A3),0) | H3: =IFERROR(IF(C3>0,SUMIFS(Beräkningar!G:G,Beräkningar!B:B,B3,'Priser SE2'!G:G,A3)/C3,0),0) | I3: =IFERROR(SUMIFS(Beräkningar!J:J,Beräkningar!B:B,B3,'Priser SE2'!G:G,A3),0) | J3: =IFERROR(IF(C3>0,SUMIFS(Beräkningar!K:K,Beräkningar!B:B,B3,'Priser SE2'!G:G,A3)/C3,0),0)
A4: 2021-11 | B4: SE3 | C4: =IFERROR(SUMPRODUCT((Beräkningar!B:B=B4)*('Priser SE3'!G:G=A4)*1),0) | D4: =IFERROR(AVERAGEIFS(Beräkningar!E:E,Beräkningar!B:B,B4,'Priser SE3'!G:G,A4),0) | E4: 93.85 | F4: =IFERROR(MAXIFS(Beräkningar!E:E,Beräkningar!B:B,B4,'Priser SE3'!G:G,A4),0) | G4: =IFERROR(SUMIFS(Beräkningar!F:F,Beräkningar!B:B,B4,'Priser SE3'!G:G,A4),0) | H4: =IFERROR(IF(C4>0,SUMIFS(Beräkningar!G:G,Beräkningar!B:B,B4,'Priser SE3'!G:G,A4)/C4,0),0) | I4: =IFERROR(SUMIFS(Beräkningar!J:J,Beräkningar!B:B,B4,'Priser SE3'!G:G,A4),0) | J4: =IFERROR(IF(C4>0,SUMIFS(Beräkningar!K:K,Beräkningar!B:B,B4,'Priser SE3'!G:G,A4)/C4,0),0)
A5: 2021-11 | B5: SE4 | C5: =IFERROR(SUMPRODUCT((Beräkningar!B:B=B5)*('Priser SE4'!G:G=A5)*1),0) | D5: =IFERROR(AVERAGEIFS(Beräkningar!E:E,Beräkningar!B:B,B5,'Priser SE4'!G:G,A5),0) | E5: 139.63 | F5: =IFERROR(MAXIFS(Beräkningar!E:E,Beräkningar!B:B,B5,'Priser SE4'!G:G,A5),0) | G5: =IFERROR(SUMIFS(Beräkningar!F:F,Beräkningar!B:B,B5,'Priser SE4'!G:G,A5),0) | H5: =IFERROR(IF(C5>0,SUMIFS(Beräkningar!G:G,Beräkningar!B:B,B5,'Priser SE4'!G:G,A5)/C5,0),0) | I5: =IFERROR(SUMIFS(Beräkningar!J:J,Beräkningar!B:B,B5,'Priser SE4'!G:G,A5),0) | J5: =IFERROR(IF(C5>0,SUMIFS(Beräkningar!K:K,Beräkningar!B:B,B5,'Priser SE4'!G:G,A5)/C5,0),0)
A6: 2021-12 | B6: SE1 | C6: =IFERROR(SUMPRODUCT((Beräkningar!B:B=B6)*('Priser SE1'!G:G=A6)*1),0) | D6: =IFERROR(AVERAGEIFS(Beräkningar!E:E,Beräkningar!B:B,B6,'Priser SE1'!G:G,A6),0) | E6: 18.18 | F6: =IFERROR(MAXIFS(Beräkningar!E:E,Beräkningar!B:B,B6,'Priser SE1'!G:G,A6),0) | G6: =IFERROR(SUMIFS(Beräkningar!F:F,Beräkningar!B:B,B6,'Priser SE1'!G:G,A6),0) | H6: =IFERROR(IF(C6>0,SUMIFS(Beräkningar!G:G,Beräkningar!B:B,B6,'Priser SE1'!G:G,A6)/C6,0),0) | I6: =IFERROR(SUMIFS(Beräkningar!J:J,Beräkningar!B:B,B6,'Priser SE1'!G:G,A6),0) | J6: =IFERROR(IF(C6>0,SUMIFS(Beräkningar!K:K,Beräkningar!B:B,B6,'Priser SE1'!G:G,A6)/C6,0),0)
A7: 2021-12 | B7: SE2 | C7: =IFERROR(SUMPRODUCT((Beräkningar!B:B=B7)*('Priser SE2'!G:G=A7)*1),0) | D7: =IFERROR(AVERAGEIFS(Beräkningar!E:E,Beräkningar!B:B,B7,'Priser SE2'!G:G,A7),0) | E7: 18.18 | F7: =IFERROR(MAXIFS(Beräkningar!E:E,Beräkningar!B:B,B7,'Priser SE2'!G:G,A7),0) | G7: =IFERROR(SUMIFS(Beräkningar!F:F,Beräkningar!B:B,B7,'Priser SE2'!G:G,A7),0) | H7: =IFERROR(IF(C7>0,SUMIFS(Beräkningar!G:G,Beräkningar!B:B,B7,'Priser SE2'!G:G,A7)/C7,0),0) | I7: =IFERROR(SUMIFS(Beräkningar!J:J,Beräkningar!B:B,B7,'Priser SE2'!G:G,A7),0) | J7: =IFERROR(IF(C7>0,SUMIFS(Beräkningar!K:K,Beräkningar!B:B,B7,'Priser SE2'!G:G,A7)/C7,0),0)
A8: 2021-12 | B8: SE3 | C8: =IFERROR(SUMPRODUCT((Beräkningar!B:B=B8)*('Priser SE3'!G:G=A8)*1),0) | D8: =IFERROR(AVERAGEIFS(Beräkningar!E:E,Beräkningar!B:B,B8,'Priser SE3'!G:G,A8),0) | E8: 161.94 | F8: =IFERROR(MAXIFS(Beräkningar!E:E,Beräkningar!B:B,B8,'Priser SE3'!G:G,A8),0) | G8: =IFERROR(SUMIFS(Beräkningar!F:F,Beräkningar!B:B,B8,'Priser SE3'!G:G,A8),0) | H8: =IFERROR(IF(C8>0,SUMIFS(Beräkningar!G:G,Beräkningar!B:B,B8,'Priser SE3'!G:G,A8)/C8,0),0) | I8: =IFERROR(SUMIFS(Beräkningar!J:J,Beräkningar!B:B,B8,'Priser SE3'!G:G,A8),0) | J8: =IFERROR(IF(C8>0,SUMIFS(Beräkningar!K:K,Beräkningar!B:B,B8,'Priser SE3'!G:G,A8)/C8,0),0)
A9: 2021-12 | B9: SE4 | C9: =IFERROR(SUMPRODUCT((Beräkningar!B:B=B9)*('Priser SE4'!G:G=A9)*1),0) | D9: =IFERROR(AVERAGEIFS(Beräkningar!E:E,Beräkningar!B:B,B9,'Priser SE4'!G:G,A9),0) | E9: 160.89 | F9: =IFERROR(MAXIFS(Beräkningar!E:E,Beräkningar!B:B,B9,'Priser SE4'!G:G,A9),0) | G9: =IFERROR(SUMIFS(Beräkningar!F:F,Beräkningar!B:B,B9,'Priser SE4'!G:G,A9),0) | H9: =IFERROR(IF(C9>0,SUMIFS(Beräkningar!G:G,Beräkningar!B:B,B9,'Priser SE4'!G:G,A9)/C9,0),0) | I9: =IFERROR(SUMIFS(Beräkningar!J:J,Beräkningar!B:B,B9,'Priser SE4'!G:G,A9),0) | J9: =IFERROR(IF(C9>0,SUMIFS(Beräkningar!K:K,Beräkningar!B:B,B9,'Priser SE4'!G:G,A9)/C9,0),0)
A10: 2021 | B10: TOTALT | C10: =SUM(C2:C9) | D10: =IFERROR(SUMPRODUCT(D2:D9,C2:C9)/SUM(C2:C9),0) | E10: =IFERROR(SUMPRODUCT(E2:E9,C2:C9)/SUM(C2:C9),0) | F10: =MAX(F2:F9) | G10: =SUM(G2:G9) | H10: =IFERROR(SUMPRODUCT(H2:H9,C2:C9)/SUM(C2:C9),0) | I10: =SUM(I2:I9) | J10: =IFERROR(SUMPRODUCT(J2:J9,C2:C9)/SUM(C2:C9),0)
A11: 2022-01 | B11: SE1 | C11: =IFERROR(SUMPRODUCT((Beräkningar!B:B=B11)*('Priser SE1'!G:G=A11)*1),0) | D11: =IFERROR(AVERAGEIFS(Beräkningar!E:E,Beräkningar!B:B,B11,'Priser SE1'!G:G,A11),0) | E11: 7.61 | F11: =IFERROR(MAXIFS(Beräkningar!E:E,Beräkningar!B:B,B11,'Priser SE1'!G:G,A11),0) | G11: =IFERROR(SUMIFS(Beräkningar!F:F,Beräkningar!B:B,B11,'Priser SE1'!G:G,A11),0) | H11: =IFERROR(IF(C11>0,SUMIFS(Beräkningar!G:G,Beräkningar!B:B,B11,'Priser SE1'!G:G,A11)/C11,0),0) | I11: =IFERROR(SUMIFS(Beräkningar!J:J,Beräkningar!B:B,B11,'Priser SE1'!G:G,A11),0) | J11: =IFERROR(IF(C11>0,SUMIFS(Beräkningar!K:K,Beräkningar!B:B,B11,'Priser SE1'!G:G,A11)/C11,0),0)
A12: 2022-01 | B12: SE2 | C12: =IFERROR(SUMPRODUCT((Beräkningar!B:B=B12)*('Priser SE2'!G:G=A12)*1),0) | D12: =IFERROR(AVERAGEIFS(Beräkningar!E:E,Beräkningar!B:B,B12,'Priser SE2'!G:G,A12),0) | E12: 7.61 | F12: =IFERROR(MAXIFS(Beräkningar!E:E,Beräkningar!B:B,B12,'Priser SE2'!G:G,A12),0) | G12: =IFERROR(SUMIFS(Beräkningar!F:F,Beräkningar!B:B,B12,'Priser SE2'!G:G,A12),0) | H12: =IFERROR(IF(C12>0,SUMIFS(Beräkningar!G:G,Beräkningar!B:B,B12,'Priser SE2'!G:G,A12)/C12,0),0) | I12: =IFERROR(SUMIFS(Beräkningar!J:J,Beräkningar!B:B,B12,'Priser SE2'!G:G,A12),0) | J12: =IFERROR(IF(C12>0,SUMIFS(Beräkningar!K:K,Beräkningar!B:B,B12,'Priser SE2'!G:G,A12)/C12,0),0)
A13: 2022-01 | B13: SE3 | C13: =IFERROR(SUMPRODUCT((Beräkningar!B:B=B13)*('Priser SE3'!G:G=A13)*1),0) | D13: =IFERROR(AVERAGEIFS(Beräkningar!E:E,Beräkningar!B:B,B13,'Priser SE3'!G:G,A13),0) | E13: 126.36 | F13: =IFERROR(MAXIFS(Beräkningar!E:E,Beräkningar!B:B,B13,'Priser SE3'!G:G,A13),0) | G13: =IFERROR(SUMIFS(Beräkningar!F:F,Beräkningar!B:B,B13,'Priser SE3'!G:G,A13),0) | H13: =IFERROR(IF(C13>0,SUMIFS(Beräkningar!G:G,Beräkningar!B:B,B13,'Priser SE3'!G:G,A13)/C13,0),0) | I13: =IFERROR(SUMIFS(Beräkningar!J:J,Beräkningar!B:B,B13,'Priser SE3'!G:G,A13),0) | J13: =IFERROR(IF(C13>0,SUMIFS(Beräkningar!K:K,Beräkningar!B:B,B13,'Priser SE3'!G:G,A13)/C13,0),0)
A14: 2022-01 | B14: SE4 | C14: =IFERROR(SUMPRODUCT((Beräkningar!B:B=B14)*('Priser SE4'!G:G=A14)*1),0) | D14: =IFERROR(AVERAGEIFS(Beräkningar!E:E,Beräkningar!B:B,B14,'Priser SE4'!G:G,A14),0) | E14: 130.28 | F14: =IFERROR(MAXIFS(Beräkningar!E:E,Beräkningar!B:B,B14,'Priser SE4'!G:G,A14),0) | G14: =IFERROR(SUMIFS(Beräkningar!F:F,Beräkningar!B:B,B14,'Priser SE4'!G:G,A14),0) | H14: =IFERROR(IF(C14>0,SUMIFS(Beräkningar!G:G,Beräkningar!B:B,B14,'Priser SE4'!G:G,A14)/C14,0),0) | I14: =IFERROR(SUMIFS(Beräkningar!J:J,Beräkningar!B:B,B14,'Priser SE4'!G:G,A14),0) | J14: =IFERROR(IF(C14>0,SUMIFS(Beräkningar!K:K,Beräkningar!B:B,B14,'Priser SE4'!G:G,A14)/C14,0),0)
A15: 2022-02 | B15: SE1 | C15: =IFERROR(SUMPRODUCT((Beräkningar!B:B=B15)*('Priser SE1'!G:G=A15)*1),0) | D15: =IFERROR(AVERAGEIFS(Beräkningar!E:E,Beräkningar!B:B,B15,'Priser SE1'!G:G,A15),0) | E15: 4.66 | F15: =IFERROR(MAXIFS(Beräkningar!E:E,Beräkningar!B:B,B15,'Priser SE1'!G:G,A15),0) | G15: =IFERROR(SUMIFS(Beräkningar!F:F,Beräkningar!B:B,B15,'Priser SE1'!G:G,A15),0) | H15: =IFERROR(IF(C15>0,SUMIFS(Beräkningar!G:G,Beräkningar!B:B,B15,'Priser SE1'!G:G,A15)/C15,0),0) | I15: =IFERROR(SUMIFS(Beräkningar!J:J,Beräkningar!B:B,B15,'Priser SE1'!G:G,A15),0) | J15: =IFERROR(IF(C15>0,SUMIFS(Beräkningar!K:K,Beräkningar!B:B,B15,'Priser SE1'!G:G,A15)/C15,0),0)
A16: 2022-02 | B16: SE2 | C16: =IFERROR(SUMPRODUCT((Beräkningar!B:B=B16)*('Priser SE2'!G:G=A16)*1),0) | D16: =IFERROR(AVERAGEIFS(Beräkningar!E:E,Beräkningar!B:B,B16,'Priser SE2'!G:G,A16),0) | E16: 4.66 | F16: =IFERROR(MAXIFS(Beräkningar!E:E,Beräkningar!B:B,B16,'Priser SE2'!G:G,A16),0) | G16: =IFERROR(SUMIFS(Beräkningar!F:F,Beräkningar!B:B,B16,'Priser SE2'!G:G,A16),0) | H16: =IFERROR(IF(C16>0,SUMIFS(Beräkningar!G:G,Beräkningar!B:B,B16,'Priser SE2'!G:G,A16)/C16,0),0) | I16: =IFERROR(SUMIFS(Beräkningar!J:J,Beräkningar!B:B,B16,'Priser SE2'!G:G,A16),0) | J16: =IFERROR(IF(C16>0,SUMIFS(Beräkningar!K:K,Beräkningar!B:B,B16,'Priser SE2'!G:G,A16)/C16,0),0)
A17: 2022-02 | B17: SE3 | C17: =IFERROR(SUMPRODUCT((Beräkningar!B:B=B17)*('Priser SE3'!G:G=A17)*1),0) | D17: =IFERROR(AVERAGEIFS(Beräkningar!E:E,Beräkningar!B:B,B17,'Priser SE3'!G:G,A17),0) | E17: 115.39 | F17: =IFERROR(MAXIFS(Beräkningar!E:E,Beräkningar!B:B,B17,'Priser SE3'!G:G,A17),0) | G17: =IFERROR(SUMIFS(Beräkningar!F:F,Beräkningar!B:B,B17,'Priser SE3'!G:G,A17),0) | H17: =IFERROR(IF(C17>0,SUMIFS(Beräkningar!G:G,Beräkningar!B:B,B17,'Priser SE3'!G:G,A17)/C17,0),0) | I17: =IFERROR(SUMIFS(Beräkningar!J:J,Beräkningar!B:B,B17,'Priser SE3'!G:G,A17),0) | J17: =IFERROR(IF(C17>0,SUMIFS(Beräkningar!K:K,Beräkningar!B:B,B17,'Priser SE3'!G:G,A17)/C17,0),0)
A18: 2022-02 | B18: SE4 | C18: =IFERROR(SUMPRODUCT((Beräkningar!B:B=B18)*('Priser SE4'!G:G=A18)*1),0) | D18: =IFERROR(AVERAGEIFS(Beräkningar!E:E,Beräkningar!B:B,B18,'Priser SE4'!G:G,A18),0) | E18: 114.24 | F18: =IFERROR(MAXIFS(Beräkningar!E:E,Beräkningar!B:B,B18,'Priser SE4'!G:G,A18),0) | G18: =IFERROR(SUMIFS(Beräkningar!F:F,Beräkningar!B:B,B18,'Priser SE4'!G:G,A18),0) | H18: =IFERROR(IF(C18>0,SUMIFS(Beräkningar!G:G,Beräkningar!B:B,B18,'Priser SE4'!G:G,A18)/C18,0),0) | I18: =IFERROR(SUMIFS(Beräkningar!J:J,Beräkningar!B:B,B18,'Priser SE4'!G:G,A18),0) | J18: =IFERROR(IF(C18>0,SUMIFS(Beräkningar!K:K,Beräkningar!B:B,B18,'Priser SE4'!G:G,A18)/C18,0),0)
A19: 2022-03 | B19: SE1 | C19: =IFERROR(SUMPRODUCT((Beräkningar!B:B=B19)*('Priser SE1'!G:G=A19)*1),0) | D19: =IFERROR(AVERAGEIFS(Beräkningar!E:E,Beräkningar!B:B,B19,'Priser SE1'!G:G,A19),0) | E19: 10.1 | F19: =IFERROR(MAXIFS(Beräkningar!E:E,Beräkningar!B:B,B19,'Priser SE1'!G:G,A19),0) | G19: =IFERROR(SUMIFS(Beräkningar!F:F,Beräkningar!B:B,B19,'Priser SE1'!G:G,A19),0) | H19: =IFERROR(IF(C19>0,SUMIFS(Beräkningar!G:G,Beräkningar!B:B,B19,'Priser SE1'!G:G,A19)/C19,0),0) | I19: =IFERROR(SUMIFS(Beräkningar!J:J,Beräkningar!B:B,B19,'Priser SE1'!G:G,A19),0) | J19: =IFERROR(IF(C19>0,SUMIFS(Beräkningar!K:K,Beräkningar!B:B,B19,'Priser SE1'!G:G,A19)/C19,0),0)
A20: 2022-03 | B20: SE2 | C20: =IFERROR(SUMPRODUCT((Beräkningar!B:B=B20)*('Priser SE2'!G:G=A20)*1),0) | D20: =IFERROR(AVERAGEIFS(Beräkningar!E:E,Beräkningar!B:B,B20,'Priser SE2'!G:G,A20),0) | E20: 10.1 | F20: =IFERROR(MAXIFS(Beräkningar!E:E,Beräkningar!B:B,B20,'Priser SE2'!G:G,A20),0) | G20: =IFERROR(SUMIFS(Beräkningar!F:F,Beräkningar!B:B,B20,'Priser SE2'!G:G,A20),0) | H20: =IFERROR(IF(C20>0,SUMIFS(Beräkningar!G:G,Beräkningar!B:B,B20,'Priser SE2'!G:G,A20)/C20,0),0) | I20: =IFERROR(SUMIFS(Beräkningar!J:J,Beräkningar!B:B,B20,'Priser SE2'!G:G,A20),0) | J20: =IFERROR(IF(C20>0,SUMIFS(Beräkningar!K:K,Beräkningar!B:B,B20,'Priser SE2'!G:G,A20)/C20,0),0)
A21: 2022-03 | B21: SE3 | C21: =IFERROR(SUMPRODUCT((Beräkningar!B:B=B21)*('Priser SE3'!G:G=A21)*1),0) | D21: =IFERROR(AVERAGEIFS(Beräkningar!E:E,Beräkningar!B:B,B21,'Priser SE3'!G:G,A21),0) | E21: 180.79 | F21: =IFERROR(MAXIFS(Beräkningar!E:E,Beräkningar!B:B,B21,'Priser SE3'!G:G,A21),0) | G21: =IFERROR(SUMIFS(Beräkningar!F:F,Beräkningar!B:B,B21,'Priser SE3'!G:G,A21),0) | H21: =IFERROR(IF(C21>0,SUMIFS(Beräkningar!G:G,Beräkningar!B:B,B21,'Priser SE3'!G:G,A21)/C21,0),0) | I21: =IFERROR(SUMIFS(Beräkningar!J:J,Beräkningar!B:B,B21,'Priser SE3'!G:G,A21),0) | J21: =IFERROR(IF(C21>0,SUMIFS(Beräkningar!K:K,Beräkningar!B:B,B21,'Priser SE3'!G:G,A21)/C21,0),0)
A22: 2022-03 | B22: SE4 | C22: =IFERROR(SUMPRODUCT((Beräkningar!B:B=B22)*('Priser SE4'!G:G=A22)*1),0) | D22: =IFERROR(AVERAGEIFS(Beräkningar!E:E,Beräkningar!B:B,B22,'Priser SE4'!G:G,A22),0) | E22: 241.66 | F22: =IFERROR(MAXIFS(Beräkningar!E:E,Beräkningar!B:B,B22,'Priser SE4'!G:G,A22),0) | G22: =IFERROR(SUMIFS(Beräkningar!F:F,Beräkningar!B:B,B22,'Priser SE4'!G:G,A22),0) | H22: =IFERROR(IF(C22>0,SUMIFS(Beräkningar!G:G,Beräkningar!B:B,B22,'Priser SE4'!G:G,A22)/C22,0),0) | I22: =IFERROR(SUMIFS(Beräkningar!J:J,Beräkningar!B:B,B22,'Priser SE4'!G:G,A22),0) | J22: =IFERROR(IF(C22>0,SUMIFS(Beräkningar!K:K,Beräkningar!B:B,B22,'Priser SE4'!G:G,A22)/C22,0),0)
A23: 2022-04 | B23: SE1 | C23: =IFERROR(SUMPRODUCT((Beräkningar!B:B=B23)*('Priser SE1'!G:G=A23)*1),0) | D23: =IFERROR(AVERAGEIFS(Beräkningar!E:E,Beräkningar!B:B,B23,'Priser SE1'!G:G,A23),0) | E23: 42.5 | F23: =IFERROR(MAXIFS(Beräkningar!E:E,Beräkningar!B:B,B23,'Priser SE1'!G:G,A23),0) | G23: =IFERROR(SUMIFS(Beräkningar!F:F,Beräkningar!B:B,B23,'Priser SE1'!G:G,A23),0) | H23: =IFERROR(IF(C23>0,SUMIFS(Beräkningar!G:G,Beräkningar!B:B,B23,'Priser SE1'!G:G,A23)/C23,0),0) | I23: =IFERROR(SUMIFS(Beräkningar!J:J,Beräkningar!B:B,B23,'Priser SE1'!G:G,A23),0) | J23: =IFERROR(IF(C23>0,SUMIFS(Beräkningar!K:K,Beräkningar!B:B,B23,'Priser SE1'!G:G,A23)/C23,0),0)
A24: 2022-04 | B24: SE2 | C24: =IFERROR(SUMPRODUCT((Beräkningar!B:B=B24)*('Priser SE2'!G:G=A24)*1),0) | D24: =IFERROR(AVERAGEIFS(Beräkningar!E:E,Beräkningar!B:B,B24,'Priser SE2'!G:G,A24),0) | E24: 42.5 | F24: =IFERROR(MAXIFS(Beräkningar!E:E,Beräkningar!B:B,B24,'Priser SE2'!G:G,A24),0) | G24: =IFERROR(SUMIFS(Beräkningar!F:F,Beräkningar!B:B,B24,'Priser SE2'!G:G,A24),0) | H24: =IFERROR(IF(C24>0,SUMIFS(Beräkningar!G:G,Beräkningar!B:B,B24,'Priser SE2'!G:G,A24)/C24,0),0) | I24: =IFERROR(SUMIFS(Beräkningar!J:J,Beräkningar!B:B,B24,'Priser SE2'!G:G,A24),0) | J24: =IFERROR(IF(C24>0,SUMIFS(Beräkningar!K:K,Beräkningar!B:B,B24,'Priser SE2'!G:G,A24)/C24,0),0)
A25: 2022-04 | B25: SE3 | C25: =IFERROR(SUMPRODUCT((Beräkningar!B:B=B25)*('Priser SE3'!G:G=A25)*1),0) | D25: =IFERROR(AVERAGEIFS(Beräkningar!E:E,Beräkningar!B:B,B25,'Priser SE3'!G:G,A25),0) | E25: 126.86 | F25: =IFERROR(MAXIFS(Beräkningar!E:E,Beräkningar!B:B,B25,'Priser SE3'!G:G,A25),0) | G25: =IFERROR(SUMIFS(Beräkningar!F:F,Beräkningar!B:B,B25,'Priser SE3'!G:G,A25),0) | H25: =IFERROR(IF(C25>0,SUMIFS(Beräkningar!G:G,Beräkningar!B:B,B25,'Priser SE3'!G:G,A25)/C25,0),0) | I25: =IFERROR(SUMIFS(Beräkningar!J:J,Beräkningar!B:B,B25,'Priser SE3'!G:G,A25),0) | J25: =IFERROR(IF(C25>0,SUMIFS(Beräkningar!K:K,Beräkningar!B:B,B25,'Priser SE3'!G:G,A25)/C25,0),0)
A26: 2022-04 | B26: SE4 | C26: =IFERROR(SUMPRODUCT((Beräkningar!B:B=B26)*('Priser SE4'!G:G=A26)*1),0) | D26: =IFERROR(AVERAGEIFS(Beräkningar!E:E,Beräkningar!B:B,B26,'Priser SE4'!G:G,A26),0) | E26: 121.8 | F26: =IFERROR(MAXIFS(Beräkningar!E:E,Beräkningar!B:B,B26,'Priser SE4'!G:G,A26),0) | G26: =IFERROR(SUMIFS(Beräkningar!F:F,Beräkningar!B:B,B26,'Priser SE4'!G:G,A26),0) | H26: =IFERROR(IF(C26>0,SUMIFS(Beräkningar!G:G,Beräkningar!B:B,B26,'Priser SE4'!G:G,A26)/C26,0),0) | I26: =IFERROR(SUMIFS(Beräkningar!J:J,Beräkningar!B:B,B26,'Priser SE4'!G:G,A26),0) | J26: =IFERROR(IF(C26>0,SUMIFS(Beräkningar!K:K,Beräkningar!B:B,B26,'Priser SE4'!G:G,A26)/C26,0),0)
A27: 2022-05 | B27: SE1 | C27: =IFERROR(SUMPRODUCT((Beräkningar!B:B=B27)*('Priser SE1'!G:G=A27)*1),0) | D27: =IFERROR(AVERAGEIFS(Beräkningar!E:E,Beräkningar!B:B,B27,'Priser SE1'!G:G,A27),0) | E27: 54.31 | F27: =IFERROR(MAXIFS(Beräkningar!E:E,Beräkningar!B:B,B27,'Priser SE1'!G:G,A27),0) | G27: =IFERROR(SUMIFS(Beräkningar!F:F,Beräkningar!B:B,B27,'Priser SE1'!G:G,A27),0) | H27: =IFERROR(IF(C27>0,SUMIFS(Beräkningar!G:G,Beräkningar!B:B,B27,'Priser SE1'!G:G,A27)/C27,0),0) | I27: =IFERROR(SUMIFS(Beräkningar!J:J,Beräkningar!B:B,B27,'Priser SE1'!G:G,A27),0) | J27: =IFERROR(IF(C27>0,SUMIFS(Beräkningar!K:K,Beräkningar!B:B,B27,'Priser SE1'!G:G,A27)/C27,0),0)
A28: 2022-05 | B28: SE2 | C28: =IFERROR(SUMPRODUCT((Beräkningar!B:B=B28)*('Priser SE2'!G:G=A28)*1),0) | D28: =IFERROR(AVERAGEIFS(Beräkningar!E:E,Beräkningar!B:B,B28,'Priser SE2'!G:G,A28),0) | E28: 54.31 | F28: =IFERROR(MAXIFS(Beräkningar!E:E,Beräkningar!B:B,B28,'Priser SE2'!G:G,A28),0) | G28: =IFERROR(SUMIFS(Beräkningar!F:F,Beräkningar!B:B,B28,'Priser SE2'!G:G,A28),0) | H28: =IFERROR(IF(C28>0,SUMIFS(Beräkningar!G:G,Beräkningar!B:B,B28,'Priser SE2'!G:G,A28)/C28,0),0) | I28: =IFERROR(SUMIFS(Beräkningar!J:J,Beräkningar!B:B,B28,'Priser SE2'!G:G,A28),0) | J28: =IFERROR(IF(C28>0,SUMIFS(Beräkningar!K:K,Beräkningar!B:B,B28,'Priser SE2'!G:G,A28)/C28,0),0)
A29: 2022-05 | B29: SE3 | C29: =IFERROR(SUMPRODUCT((Beräkningar!B:B=B29)*('Priser SE3'!G:G=A29)*1),0) | D29: =IFERROR(AVERAGEIFS(Beräkningar!E:E,Beräkningar!B:B,B29,'Priser SE3'!G:G,A29),0) | E29: 171.06 | F29: =IFERROR(MAXIFS(Beräkningar!E:E,Beräkningar!B:B,B29,'Priser SE3'!G:G,A29),0) | G29: =IFERROR(SUMIFS(Beräkningar!F:F,Beräkningar!B:B,B29,'Priser SE3'!G:G,A29),0) | H29: =IFERROR(IF(C29>0,SUMIFS(Beräkningar!G:G,Beräkningar!B:B,B29,'Priser SE3'!G:G,A29)/C29,0),0) | I29: =IFERROR(SUMIFS(Beräkningar!J:J,Beräkningar!B:B,B29,'Priser SE3'!G:G,A29),0) | J29: =IFERROR(IF(C29>0,SUMIFS(Beräkningar!K:K,Beräkningar!B:B,B29,'Priser SE3'!G:G,A29)/C29,0),0)
A30: 2022-05 | B30: SE4 | C30: =IFERROR(SUMPRODUCT((Beräkningar!B:B=B30)*('Priser SE4'!G:G=A30)*1),0) | D30: =IFERROR(AVERAGEIFS(Beräkningar!E:E,Beräkningar!B:B,B30,'Priser SE4'!G:G,A30),0) | E30: 182.91 | F30: =IFERROR(MAXIFS(Beräkningar!E:E,Beräkningar!B:B,B30,'Priser SE4'!G:G,A30),0) | G30: =IFERROR(SUMIFS(Beräkningar!F:F,Beräkningar!B:B,B30,'Priser SE4'!G:G,A30),0) | H30: =IFERROR(IF(C30>0,SUMIFS(Beräkningar!G:G,Beräkningar!B:B,B30,'Priser SE4'!G:G,A30)/C30,0),0) | I30: =IFERROR(SUMIFS(Beräkningar!J:J,Beräkningar!B:B,B30,'Priser SE4'!G:G,A30),0) | J30: =IFERROR(IF(C30>0,SUMIFS(Beräkningar!K:K,Beräkningar!B:B,B30,'Priser SE4'!G:G,A30)/C30,0),0)
A31: 2022-06 | B31: SE1 | C31: =IFERROR(SUMPRODUCT((Beräkningar!B:B=B31)*('Priser SE1'!G:G=A31)*1),0) | D31: =IFERROR(AVERAGEIFS(Beräkningar!E:E,Beräkningar!B:B,B31,'Priser SE1'!G:G,A31),0) | E31: 37.92 | F31: =IFERROR(MAXIFS(Beräkningar!E:E,Beräkningar!B:B,B31,'Priser SE1'!G:G,A31),0) | G31: =IFERROR(SUMIFS(Beräkningar!F:F,Beräkningar!B:B,B31,'Priser SE1'!G:G,A31),0) | H31: =IFERROR(IF(C31>0,SUMIFS(Beräkningar!G:G,Beräkningar!B:B,B31,'Priser SE1'!G:G,A31)/C31,0),0) | I31: =IFERROR(SUMIFS(Beräkningar!J:J,Beräkningar!B:B,B31,'Priser SE1'!G:G,A31),0) | J31: =IFERROR(IF(C31>0,SUMIFS(Beräkningar!K:K,Beräkningar!B:B,B31,'Priser SE1'!G:G,A31)/C31,0),0)
A32: 2022-06 | B32: SE2 | C32: =IFERROR(SUMPRODUCT((Beräkningar!B:B=B32)*('Priser SE2'!G:G=A32)*1),0) | D32: =IFERROR(AVERAGEIFS(Beräkningar!E:E,Beräkningar!B:B,B32,'Priser SE2'!G:G,A32),0) | E32: 37.92 | F32: =IFERROR(MAXIFS(Beräkningar!E:E,Beräkningar!B:B,B32,'Priser SE2'!G:G,A32),0) | G32: =IFERROR(SUMIFS(Beräkningar!F:F,Beräkningar!B:B,B32,'Priser SE2'!G:G,A32),0) | H32: =IFERROR(IF(C32>0,SUMIFS(Beräkningar!G:G,Beräkningar!B:B,B32,'Priser SE2'!G:G,A32)/C32,0),0) | I32: =IFERROR(SUMIFS(Beräkningar!J:J,Beräkningar!B:B,B32,'Priser SE2'!G:G,A32),0) | J32: =IFERROR(IF(C32>0,SUMIFS(Beräkningar!K:K,Beräkningar!B:B,B32,'Priser SE2'!G:G,A32)/C32,0),0)
A33: 2022-06 | B33: SE3 | C33: =IFERROR(SUMPRODUCT((Beräkningar!B:B=B33)*('Priser SE3'!G:G=A33)*1),0) | D33: =IFERROR(AVERAGEIFS(Beräkningar!E:E,Beräkningar!B:B,B33,'Priser SE3'!G:G,A33),0) | E33: 195.51 | F33: =IFERROR(MAXIFS(Beräkningar!E:E,Beräkningar!B:B,B33,'Priser SE3'!G:G,A33),0) | G33: =IFERROR(SUMIFS(Beräkningar!F:F,Beräkningar!B:B,B33,'Priser SE3'!G:G,A33),0) | H33: =IFERROR(IF(C33>0,SUMIFS(Beräkningar!G:G,Beräkningar!B:B,B33,'Priser SE3'!G:G,A33)/C33,0),0) | I33: =IFERROR(SUMIFS(Beräkningar!J:J,Beräkningar!B:B,B33,'Priser SE3'!G:G,A33),0) | J33: =IFERROR(IF(C33>0,SUMIFS(Beräkningar!K:K,Beräkningar!B:B,B33,'Priser SE3'!G:G,A33)/C33,0),0)
A34: 2022-06 | B34: SE4 | C34: =IFERROR(SUMPRODUCT((Beräkningar!B:B=B34)*('Priser SE4'!G:G=A34)*1),0) | D34: =IFERROR(AVERAGEIFS(Beräkningar!E:E,Beräkningar!B:B,B34,'Priser SE4'!G:G,A34),0) | E34: 202.19 | F34: =IFERROR(MAXIFS(Beräkningar!E:E,Beräkningar!B:B,B34,'Priser SE4'!G:G,A34),0) | G34: =IFERROR(SUMIFS(Beräkningar!F:F,Beräkningar!B:B,B34,'Priser SE4'!G:G,A34),0) | H34: =IFERROR(IF(C34>0,SUMIFS(Beräkningar!G:G,Beräkningar!B:B,B34,'Priser SE4'!G:G,A34)/C34,0),0) | I34: =IFERROR(SUMIFS(Beräkningar!J:J,Beräkningar!B:B,B34,'Priser SE4'!G:G,A34),0) | J34: =IFERROR(IF(C34>0,SUMIFS(Beräkningar!K:K,Beräkningar!B:B,B34,'Priser SE4'!G:G,A34)/C34,0),0)
A35: 2022-07 | B35: SE1 | C35: =IFERROR(SUMPRODUCT((Beräkningar!B:B=B35)*('Priser SE1'!G:G=A35)*1),0) | D35: =IFERROR(AVERAGEIFS(Beräkningar!E:E,Beräkningar!B:B,B35,'Priser SE1'!G:G,A35),0) | E35: 18.03 | F35: =IFERROR(MAXIFS(Beräkningar!E:E,Beräkningar!B:B,B35,'Priser SE1'!G:G,A35),0) | G35: =IFERROR(SUMIFS(Beräkningar!F:F,Beräkningar!B:B,B35,'Priser SE1'!G:G,A35),0) | H35: =IFERROR(IF(C35>0,SUMIFS(Beräkningar!G:G,Beräkningar!B:B,B35,'Priser SE1'!G:G,A35)/C35,0),0) | I35: =IFERROR(SUMIFS(Beräkningar!J:J,Beräkningar!B:B,B35,'Priser SE1'!G:G,A35),0) | J35: =IFERROR(IF(C35>0,SUMIFS(Beräkningar!K:K,Beräkningar!B:B,B35,'Priser SE1'!G:G,A35)/C35,0),0)
A36: 2022-07 | B36: SE2 | C36: =IFERROR(SUMPRODUCT((Beräkningar!B:B=B36)*('Priser SE2'!G:G=A36)*1),0) | D36: =IFERROR(AVERAGEIFS(Beräkningar!E:E,Beräkningar!B:B,B36,'Priser SE2'!G:G,A36),0) | E36: 18.03 | F36: =IFERROR(MAXIFS(Beräkningar!E:E,Beräkningar!B:B,B36,'Priser SE2'!G:G,A36),0) | G36: =IFERROR(SUMIFS(Beräkningar!F:F,Beräkningar!B:B,B36,'Priser SE2'!G:G,A36),0) | H36: =IFERROR(IF(C36>0,SUMIFS(Beräkningar!G:G,Beräkningar!B:B,B36,'Priser SE2'!G:G,A36)/C36,0),0) | I36: =IFERROR(SUMIFS(Beräkningar!J:J,Beräkningar!B:B,B36,'Priser SE2'!G:G,A36),0) | J36: =IFERROR(IF(C36>0,SUMIFS(Beräkningar!K:K,Beräkningar!B:B,B36,'Priser SE2'!G:G,A36)/C36,0),0)
A37: 2022-07 | B37: SE3 | C37: =IFERROR(SUMPRODUCT((Beräkningar!B:B=B37)*('Priser SE3'!G:G=A37)*1),0) | D37: =IFERROR(AVERAGEIFS(Beräkningar!E:E,Beräkningar!B:B,B37,'Priser SE3'!G:G,A37),0) | E37: 168.35 | F37: =IFERROR(MAXIFS(Beräkningar!E:E,Beräkningar!B:B,B37,'Priser SE3'!G:G,A37),0) | G37: =IFERROR(SUMIFS(Beräkningar!F:F,Beräkningar!B:B,B37,'Priser SE3'!G:G,A37),0) | H37: =IFERROR(IF(C37>0,SUMIFS(Beräkningar!G:G,Beräkningar!B:B,B37,'Priser SE3'!G:G,A37)/C37,0),0) | I37: =IFERROR(SUMIFS(Beräkningar!J:J,Beräkningar!B:B,B37,'Priser SE3'!G:G,A37),0) | J37: =IFERROR(IF(C37>0,SUMIFS(Beräkningar!K:K,Beräkningar!B:B,B37,'Priser SE3'!G:G,A37)/C37,0),0)
A38: 2022-07 | B38: SE4 | C38: =IFERROR(SUMPRODUCT((Beräkningar!B:B=B38)*('Priser SE4'!G:G=A38)*1),0) | D38: =IFERROR(AVERAGEIFS(Beräkningar!E:E,Beräkningar!B:B,B38,'Priser SE4'!G:G,A38),0) | E38: 189.73 | F38: =IFERROR(MAXIFS(Beräkningar!E:E,Beräkningar!B:B,B38,'Priser SE4'!G:G,A38),0) | G38: =IFERROR(SUMIFS(Beräkningar!F:F,Beräkningar!B:B,B38,'Priser SE4'!G:G,A38),0) | H38: =IFERROR(IF(C38>0,SUMIFS(Beräkningar!G:G,Beräkningar!B:B,B38,'Priser SE4'!G:G,A38)/C38,0),0) | I38: =IFERROR(SUMIFS(Beräkningar!J:J,Beräkningar!B:B,B38,'Priser SE4'!G:G,A38),0) | J38: =IFERROR(IF(C38>0,SUMIFS(Beräkningar!K:K,Beräkningar!B:B,B38,'Priser SE4'!G:G,A38)/C38,0),0)
A39: 2022-08 | B39: SE1 | C39: =IFERROR(SUMPRODUCT((Beräkningar!B:B=B39)*('Priser SE1'!G:G=A39)*1),0) | D39: =IFERROR(AVERAGEIFS(Beräkningar!E:E,Beräkningar!B:B,B39,'Priser SE1'!G:G,A39),0) | E39: 14.57 | F39: =IFERROR(MAXIFS(Beräkningar!E:E,Beräkningar!B:B,B39,'Priser SE1'!G:G,A39),0) | G39: =IFERROR(SUMIFS(Beräkningar!F:F,Beräkningar!B:B,B39,'Priser SE1'!G:G,A39),0) | H39: =IFERROR(IF(C39>0,SUMIFS(Beräkningar!G:G,Beräkningar!B:B,B39,'Priser SE1'!G:G,A39)/C39,0),0) | I39: =IFERROR(SUMIFS(Beräkningar!J:J,Beräkningar!B:B,B39,'Priser SE1'!G:G,A39),0) | J39: =IFERROR(IF(C39>0,SUMIFS(Beräkningar!K:K,Beräkningar!B:B,B39,'Priser SE1'!G:G,A39)/C39,0),0)
A40: 2022-08 | B40: SE2 | C40: =IFERROR(SUMPRODUCT((Beräkningar!B:B=B40)*('Priser SE2'!G:G=A40)*1),0) | D40: =IFERROR(AVERAGEIFS(Beräkningar!E:E,Beräkningar!B:B,B40,'Priser SE2'!G:G,A40),0) | E40: 43.92 | F40: =IFERROR(MAXIFS(Beräkningar!E:E,Beräkningar!B:B,B40,'Priser SE2'!G:G,A40),0) | G40: =IFERROR(SUMIFS(Beräkningar!F:F,Beräkningar!B:B,B40,'Priser SE2'!G:G,A40),0) | H40: =IFERROR(IF(C40>0,SUMIFS(Beräkningar!G:G,Beräkningar!B:B,B40,'Priser SE2'!G:G,A40)/C40,0),0) | I40: =IFERROR(SUMIFS(Beräkningar!J:J,Beräkningar!B:B,B40,'Priser SE2'!G:G,A40),0) | J40: =IFERROR(IF(C40>0,SUMIFS(Beräkningar!K:K,Beräkningar!B:B,B40,'Priser SE2'!G:G,A40)/C40,0),0)
A41: 2022-08 | B41: SE3 | C41: =IFERROR(SUMPRODUCT((Beräkningar!B:B=B41)*('Priser SE3'!G:G=A41)*1),0) | D41: =IFERROR(AVERAGEIFS(Beräkningar!E:E,Beräkningar!B:B,B41,'Priser SE3'!G:G,A41),0) | E41: 290.11 | F41: =IFERROR(MAXIFS(Beräkningar!E:E,Beräkningar!B:B,B41,'Priser SE3'!G:G,A41),0) | G41: =IFERROR(SUMIFS(Beräkningar!F:F,Beräkningar!B:B,B41,'Priser SE3'!G:G,A41),0) | H41: =IFERROR(IF(C41>0,SUMIFS(Beräkningar!G:G,Beräkningar!B:B,B41,'Priser SE3'!G:G,A41)/C41,0),0) | I41: =IFERROR(SUMIFS(Beräkningar!J:J,Beräkningar!B:B,B41,'Priser SE3'!G:G,A41),0) | J41: =IFERROR(IF(C41>0,SUMIFS(Beräkningar!K:K,Beräkningar!B:B,B41,'Priser SE3'!G:G,A41)/C41,0),0)
A42: 2022-08 | B42: SE4 | C42: =IFERROR(SUMPRODUCT((Beräkningar!B:B=B42)*('Priser SE4'!G:G=A42)*1),0) | D42: =IFERROR(AVERAGEIFS(Beräkningar!E:E,Beräkningar!B:B,B42,'Priser SE4'!G:G,A42),0) | E42: 454.11 | F42: =IFERROR(MAXIFS(Beräkningar!E:E,Beräkningar!B:B,B42,'Priser SE4'!G:G,A42),0) | G42: =IFERROR(SUMIFS(Beräkningar!F:F,Beräkningar!B:B,B42,'Priser SE4'!G:G,A42),0) | H42: =IFERROR(IF(C42>0,SUMIFS(Beräkningar!G:G,Beräkningar!B:B,B42,'Priser SE4'!G:G,A42)/C42,0),0) | I42: =IFERROR(SUMIFS(Beräkningar!J:J,Beräkningar!B:B,B42,'Priser SE4'!G:G,A42),0) | J42: =IFERROR(IF(C42>0,SUMIFS(Beräkningar!K:K,Beräkningar!B:B,B42,'Priser SE4'!G:G,A42)/C42,0),0)
A43: 2022-09 | B43: SE1 | C43: =IFERROR(SUMPRODUCT((Beräkningar!B:B=B43)*('Priser SE1'!G:G=A43)*1),0) | D43: =IFERROR(AVERAGEIFS(Beräkningar!E:E,Beräkningar!B:B,B43,'Priser SE1'!G:G,A43),0) | E43: 58.7 | F43: =IFERROR(MAXIFS(Beräkningar!E:E,Beräkningar!B:B,B43,'Priser SE1'!G:G,A43),0) | G43: =IFERROR(SUMIFS(Beräkningar!F:F,Beräkningar!B:B,B43,'Priser SE1'!G:G,A43),0) | H43: =IFERROR(IF(C43>0,SUMIFS(Beräkningar!G:G,Beräkningar!B:B,B43,'Priser SE1'!G:G,A43)/C43,0),0) | I43: =IFERROR(SUMIFS(Beräkningar!J:J,Beräkningar!B:B,B43,'Priser SE1'!G:G,A43),0) | J43: =IFERROR(IF(C43>0,SUMIFS(Beräkningar!K:K,Beräkningar!B:B,B43,'Priser SE1'!G:G,A43)/C43,0),0)
A44: 2022-09 | B44: SE2 | C44: =IFERROR(SUMPRODUCT((Beräkningar!B:B=B44)*('Priser SE2'!G:G=A44)*1),0) | D44: =IFERROR(AVERAGEIFS(Beräkningar!E:E,Beräkningar!B:B,B44,'Priser SE2'!G:G,A44),0) | E44: 58.7 | F44: =IFERROR(MAXIFS(Beräkningar!E:E,Beräkningar!B:B,B44,'Priser SE2'!G:G,A44),0) | G44: =IFERROR(SUMIFS(Beräkningar!F:F,Beräkningar!B:B,B44,'Priser SE2'!G:G,A44),0) | H44: =IFERROR(IF(C44>0,SUMIFS(Beräkningar!G:G,Beräkningar!B:B,B44,'Priser SE2'!G:G,A44)/C44,0),0) | I44: =IFERROR(SUMIFS(Beräkningar!J:J,Beräkningar!B:B,B44,'Priser SE2'!G:G,A44),0) | J44: =IFERROR(IF(C44>0,SUMIFS(Beräkningar!K:K,Beräkningar!B:B,B44,'Priser SE2'!G:G,A44)/C44,0),0)
A45: 2022-09 | B45: SE3 | C45: =IFERROR(SUMPRODUCT((Beräkningar!B:B=B45)*('Priser SE3'!G:G=A45)*1),0) | D45: =IFERROR(AVERAGEIFS(Beräkningar!E:E,Beräkningar!B:B,B45,'Priser SE3'!G:G,A45),0) | E45: 324.05 | F45: =IFERROR(MAXIFS(Beräkningar!E:E,Beräkningar!B:B,B45,'Priser SE3'!G:G,A45),0) | G45: =IFERROR(SUMIFS(Beräkningar!F:F,Beräkningar!B:B,B45,'Priser SE3'!G:G,A45),0) | H45: =IFERROR(IF(C45>0,SUMIFS(Beräkningar!G:G,Beräkningar!B:B,B45,'Priser SE3'!G:G,A45)/C45,0),0) | I45: =IFERROR(SUMIFS(Beräkningar!J:J,Beräkningar!B:B,B45,'Priser SE3'!G:G,A45),0) | J45: =IFERROR(IF(C45>0,SUMIFS(Beräkningar!K:K,Beräkningar!B:B,B45,'Priser SE3'!G:G,A45)/C45,0),0)
A46: 2022-09 | B46: SE4 | C46: =IFERROR(SUMPRODUCT((Beräkningar!B:B=B46)*('Priser SE4'!G:G=A46)*1),0) | D46: =IFERROR(AVERAGEIFS(Beräkningar!E:E,Beräkningar!B:B,B46,'Priser SE4'!G:G,A46),0) | E46: 333.92 | F46: =IFERROR(MAXIFS(Beräkningar!E:E,Beräkningar!B:B,B46,'Priser SE4'!G:G,A46),0) | G46: =IFERROR(SUMIFS(Beräkningar!F:F,Beräkningar!B:B,B46,'Priser SE4'!G:G,A46),0) | H46: =IFERROR(IF(C46>0,SUMIFS(Beräkningar!G:G,Beräkningar!B:B,B46,'Priser SE4'!G:G,A46)/C46,0),0) | I46: =IFERROR(SUMIFS(Beräkningar!J:J,Beräkningar!B:B,B46,'Priser SE4'!G:G,A46),0) | J46: =IFERROR(IF(C46>0,SUMIFS(Beräkningar!K:K,Beräkningar!B:B,B46,'Priser SE4'!G:G,A46)/C46,0),0)
A47: 2022-10 | B47: SE1 | C47: =IFERROR(SUMPRODUCT((Beräkningar!B:B=B47)*('Priser SE1'!G:G=A47)*1),0) | D47: =IFERROR(AVERAGEIFS(Beräkningar!E:E,Beräkningar!B:B,B47,'Priser SE1'!G:G,A47),0) | E47: 26.24 | F47: =IFERROR(MAXIFS(Beräkningar!E:E,Beräkningar!B:B,B47,'Priser SE1'!G:G,A47),0) | G47: =IFERROR(SUMIFS(Beräkningar!F:F,Beräkningar!B:B,B47,'Priser SE1'!G:G,A47),0) | H47: =IFERROR(IF(C47>0,SUMIFS(Beräkningar!G:G,Beräkningar!B:B,B47,'Priser SE1'!G:G,A47)/C47,0),0) | I47: =IFERROR(SUMIFS(Beräkningar!J:J,Beräkningar!B:B,B47,'Priser SE1'!G:G,A47),0) | J47: =IFERROR(IF(C47>0,SUMIFS(Beräkningar!K:K,Beräkningar!B:B,B47,'Priser SE1'!G:G,A47)/C47,0),0)
A48: 2022-10 | B48: SE2 | C48: =IFERROR(SUMPRODUCT((Beräkningar!B:B=B48)*('Priser SE2'!G:G=A48)*1),0) | D48: =IFERROR(AVERAGEIFS(Beräkningar!E:E,Beräkningar!B:B,B48,'Priser SE2'!G:G,A48),0) | E48: 26.24 | F48: =IFERROR(MAXIFS(Beräkningar!E:E,Beräkningar!B:B,B48,'Priser SE2'!G:G,A48),0) | G48: =IFERROR(SUMIFS(Beräkningar!F:F,Beräkningar!B:B,B48,'Priser SE2'!G:G,A48),0) | H48: =IFERROR(IF(C48>0,SUMIFS(Beräkningar!G:G,Beräkningar!B:B,B48,'Priser SE2'!G:G,A48)/C48,0),0) | I48: =IFERROR(SUMIFS(Beräkningar!J:J,Beräkningar!B:B,B48,'Priser SE2'!G:G,A48),0) | J48: =IFERROR(IF(C48>0,SUMIFS(Beräkningar!K:K,Beräkningar!B:B,B48,'Priser SE2'!G:G,A48)/C48,0),0)
A49: 2022-10 | B49: SE3 | C49: =IFERROR(SUMPRODUCT((Beräkningar!B:B=B49)*('Priser SE3'!G:G=A49)*1),0) | D49: =IFERROR(AVERAGEIFS(Beräkningar!E:E,Beräkningar!B:B,B49,'Priser SE3'!G:G,A49),0) | E49: 120.58 | F49: =IFERROR(MAXIFS(Beräkningar!E:E,Beräkningar!B:B,B49,'Priser SE3'!G:G,A49),0) | G49: =IFERROR(SUMIFS(Beräkningar!F:F,Beräkningar!B:B,B49,'Priser SE3'!G:G,A49),0) | H49: =IFERROR(IF(C49>0,SUMIFS(Beräkningar!G:G,Beräkningar!B:B,B49,'Priser SE3'!G:G,A49)/C49,0),0) | I49: =IFERROR(SUMIFS(Beräkningar!J:J,Beräkningar!B:B,B49,'Priser SE3'!G:G,A49),0) | J49: =IFERROR(IF(C49>0,SUMIFS(Beräkningar!K:K,Beräkningar!B:B,B49,'Priser SE3'!G:G,A49)/C49,0),0)
A50: 2022-10 | B50: SE4 | C50: =IFERROR(SUMPRODUCT((Beräkningar!B:B=B50)*('Priser SE4'!G:G=A50)*1),0) | D50: =IFERROR(AVERAGEIFS(Beräkningar!E:E,Beräkningar!B:B,B50,'Priser SE4'!G:G,A50),0) | E50: 120.58 | F50: =IFERROR(MAXIFS(Beräkningar!E:E,Beräkningar!B:B,B50,'Priser SE4'!G:G,A50),0) | G50: =IFERROR(SUMIFS(Beräkningar!F:F,Beräkningar!B:B,B50,'Priser SE4'!G:G,A50),0) | H50: =IFERROR(IF(C50>0,SUMIFS(Beräkningar!G:G,Beräkningar!B:B,B50,'Priser SE4'!G:G,A50)/C50,0),0) | I50: =IFERROR(SUMIFS(Beräkningar!J:J,Beräkningar!B:B,B50,'Priser SE4'!G:G,A50),0) | J50: =IFERROR(IF(C50>0,SUMIFS(Beräkningar!K:K,Beräkningar!B:B,B50,'Priser SE4'!G:G,A50)/C50,0),0)
A51: 2022-11 | B51: SE1 | C51: =IFERROR(SUMPRODUCT((Beräkningar!B:B=B51)*('Priser SE1'!G:G=A51)*1),0) | D51: =IFERROR(AVERAGEIFS(Beräkningar!E:E,Beräkningar!B:B,B51,'Priser SE1'!G:G,A51),0) | E51: 66.23 | F51: =IFERROR(MAXIFS(Beräkningar!E:E,Beräkningar!B:B,B51,'Priser SE1'!G:G,A51),0) | G51: =IFERROR(SUMIFS(Beräkningar!F:F,Beräkningar!B:B,B51,'Priser SE1'!G:G,A51),0) | H51: =IFERROR(IF(C51>0,SUMIFS(Beräkningar!G:G,Beräkningar!B:B,B51,'Priser SE1'!G:G,A51)/C51,0),0) | I51: =IFERROR(SUMIFS(Beräkningar!J:J,Beräkningar!B:B,B51,'Priser SE1'!G:G,A51),0) | J51: =IFERROR(IF(C51>0,SUMIFS(Beräkningar!K:K,Beräkningar!B:B,B51,'Priser SE1'!G:G,A51)/C51,0),0)
A52: 2022-11 | B52: SE2 | C52: =IFERROR(SUMPRODUCT((Beräkningar!B:B=B52)*('Priser SE2'!G:G=A52)*1),0) | D52: =IFERROR(AVERAGEIFS(Beräkningar!E:E,Beräkningar!B:B,B52,'Priser SE2'!G:G,A52),0) | E52: 66.23 | F52: =IFERROR(MAXIFS(Beräkningar!E:E,Beräkningar!B:B,B52,'Priser SE2'!G:G,A52),0) | G52: =IFERROR(SUMIFS(Beräkningar!F:F,Beräkningar!B:B,B52,'Priser SE2'!G:G,A52),0) | H52: =IFERROR(IF(C52>0,SUMIFS(Beräkningar!G:G,Beräkningar!B:B,B52,'Priser SE2'!G:G,A52)/C52,0),0) | I52: =IFERROR(SUMIFS(Beräkningar!J:J,Beräkningar!B:B,B52,'Priser SE2'!G:G,A52),0) | J52: =IFERROR(IF(C52>0,SUMIFS(Beräkningar!K:K,Beräkningar!B:B,B52,'Priser SE2'!G:G,A52)/C52,0),0)
A53: 2022-11 | B53: SE3 | C53: =IFERROR(SUMPRODUCT((Beräkningar!B:B=B53)*('Priser SE3'!G:G=A53)*1),0) | D53: =IFERROR(AVERAGEIFS(Beräkningar!E:E,Beräkningar!B:B,B53,'Priser SE3'!G:G,A53),0) | E53: 94.33 | F53: =IFERROR(MAXIFS(Beräkningar!E:E,Beräkningar!B:B,B53,'Priser SE3'!G:G,A53),0) | G53: =IFERROR(SUMIFS(Beräkningar!F:F,Beräkningar!B:B,B53,'Priser SE3'!G:G,A53),0) | H53: =IFERROR(IF(C53>0,SUMIFS(Beräkningar!G:G,Beräkningar!B:B,B53,'Priser SE3'!G:G,A53)/C53,0),0) | I53: =IFERROR(SUMIFS(Beräkningar!J:J,Beräkningar!B:B,B53,'Priser SE3'!G:G,A53),0) | J53: =IFERROR(IF(C53>0,SUMIFS(Beräkningar!K:K,Beräkningar!B:B,B53,'Priser SE3'!G:G,A53)/C53,0),0)
A54: 2022-11 | B54: SE4 | C54: =IFERROR(SUMPRODUCT((Beräkningar!B:B=B54)*('Priser SE4'!G:G=A54)*1),0) | D54: =IFERROR(AVERAGEIFS(Beräkningar!E:E,Beräkningar!B:B,B54,'Priser SE4'!G:G,A54),0) | E54: 111 | F54: =IFERROR(MAXIFS(Beräkningar!E:E,Beräkningar!B:B,B54,'Priser SE4'!G:G,A54),0) | G54: =IFERROR(SUMIFS(Beräkningar!F:F,Beräkningar!B:B,B54,'Priser SE4'!G:G,A54),0) | H54: =IFERROR(IF(C54>0,SUMIFS(Beräkningar!G:G,Beräkningar!B:B,B54,'Priser SE4'!G:G,A54)/C54,0),0) | I54: =IFERROR(SUMIFS(Beräkningar!J:J,Beräkningar!B:B,B54,'Priser SE4'!G:G,A54),0) | J54: =IFERROR(IF(C54>0,SUMIFS(Beräkningar!K:K,Beräkningar!B:B,B54,'Priser SE4'!G:G,A54)/C54,0),0)
A55: 2022-12 | B55: SE1 | C55: =IFERROR(SUMPRODUCT((Beräkningar!B:B=B55)*('Priser SE1'!G:G=A55)*1),0) | D55: =IFERROR(AVERAGEIFS(Beräkningar!E:E,Beräkningar!B:B,B55,'Priser SE1'!G:G,A55),0) | E55: 87.33 | F55: =IFERROR(MAXIFS(Beräkningar!E:E,Beräkningar!B:B,B55,'Priser SE1'!G:G,A55),0) | G55: =IFERROR(SUMIFS(Beräkningar!F:F,Beräkningar!B:B,B55,'Priser SE1'!G:G,A55),0) | H55: =IFERROR(IF(C55>0,SUMIFS(Beräkningar!G:G,Beräkningar!B:B,B55,'Priser SE1'!G:G,A55)/C55,0),0) | I55: =IFERROR(SUMIFS(Beräkningar!J:J,Beräkningar!B:B,B55,'Priser SE1'!G:G,A55),0) | J55: =IFERROR(IF(C55>0,SUMIFS(Beräkningar!K:K,Beräkningar!B:B,B55,'Priser SE1'!G:G,A55)/C55,0),0)
A56: 2022-12 | B56: SE2 | C56: =IFERROR(SUMPRODUCT((Beräkningar!B:B=B56)*('Priser SE2'!G:G=A56)*1),0) | D56: =IFERROR(AVERAGEIFS(Beräkningar!E:E,Beräkningar!B:B,B56,'Priser SE2'!G:G,A56),0) | E56: 87.33 | F56: =IFERROR(MAXIFS(Beräkningar!E:E,Beräkningar!B:B,B56,'Priser SE2'!G:G,A56),0) | G56: =IFERROR(SUMIFS(Beräkningar!F:F,Beräkningar!B:B,B56,'Priser SE2'!G:G,A56),0) | H56: =IFERROR(IF(C56>0,SUMIFS(Beräkningar!G:G,Beräkningar!B:B,B56,'Priser SE2'!G:G,A56)/C56,0),0) | I56: =IFERROR(SUMIFS(Beräkningar!J:J,Beräkningar!B:B,B56,'Priser SE2'!G:G,A56),0) | J56: =IFERROR(IF(C56>0,SUMIFS(Beräkningar!K:K,Beräkningar!B:B,B56,'Priser SE2'!G:G,A56)/C56,0),0)
A57: 2022-12 | B57: SE3 | C57: =IFERROR(SUMPRODUCT((Beräkningar!B:B=B57)*('Priser SE3'!G:G=A57)*1),0) | D57: =IFERROR(AVERAGEIFS(Beräkningar!E:E,Beräkningar!B:B,B57,'Priser SE3'!G:G,A57),0) | E57: 158.08 | F57: =IFERROR(MAXIFS(Beräkningar!E:E,Beräkningar!B:B,B57,'Priser SE3'!G:G,A57),0) | G57: =IFERROR(SUMIFS(Beräkningar!F:F,Beräkningar!B:B,B57,'Priser SE3'!G:G,A57),0) | H57: =IFERROR(IF(C57>0,SUMIFS(Beräkningar!G:G,Beräkningar!B:B,B57,'Priser SE3'!G:G,A57)/C57,0),0) | I57: =IFERROR(SUMIFS(Beräkningar!J:J,Beräkningar!B:B,B57,'Priser SE3'!G:G,A57),0) | J57: =IFERROR(IF(C57>0,SUMIFS(Beräkningar!K:K,Beräkningar!B:B,B57,'Priser SE3'!G:G,A57)/C57,0),0)
A58: 2022-12 | B58: SE4 | C58: =IFERROR(SUMPRODUCT((Beräkningar!B:B=B58)*('Priser SE4'!G:G=A58)*1),0) | D58: =IFERROR(AVERAGEIFS(Beräkningar!E:E,Beräkningar!B:B,B58,'Priser SE4'!G:G,A58),0) | E58: 158.08 | F58: =IFERROR(MAXIFS(Beräkningar!E:E,Beräkningar!B:B,B58,'Priser SE4'!G:G,A58),0) | G58: =IFERROR(SUMIFS(Beräkningar!F:F,Beräkningar!B:B,B58,'Priser SE4'!G:G,A58),0) | H58: =IFERROR(IF(C58>0,SUMIFS(Beräkningar!G:G,Beräkningar!B:B,B58,'Priser SE4'!G:G,A58)/C58,0),0) | I58: =IFERROR(SUMIFS(Beräkningar!J:J,Beräkningar!B:B,B58,'Priser SE4'!G:G,A58),0) | J58: =IFERROR(IF(C58>0,SUMIFS(Beräkningar!K:K,Beräkningar!B:B,B58,'Priser SE4'!G:G,A58)/C58,0),0)
A59: 2022 | B59: TOTALT | C59: =SUM(C11:C58) | D59: =IFERROR(SUMPRODUCT(D11:D58,C11:C58)/SUM(C11:C58),0) | E59: =IFERROR(SUMPRODUCT(E11:E58,C11:C58)/SUM(C11:C58),0) | F59: =MAX(F11:F58) | G59: =SUM(G11:G58) | H59: =IFERROR(SUMPRODUCT(H11:H58,C11:C58)/SUM(C11:C58),0) | I59: =SUM(I11:I58) | J59: =IFERROR(SUMPRODUCT(J11:J58,C11:C58)/SUM(C11:C58),0)
A60: 2023-01 | B60: SE1 | C60: =IFERROR(SUMPRODUCT((Beräkningar!B:B=B60)*('Priser SE1'!G:G=A60)*1),0) | D60: =IFERROR(AVERAGEIFS(Beräkningar!E:E,Beräkningar!B:B,B60,'Priser SE1'!G:G,A60),0) | E60: 44.73 | F60: =IFERROR(MAXIFS(Beräkningar!E:E,Beräkningar!B:B,B60,'Priser SE1'!G:G,A60),0) | G60: =IFERROR(SUMIFS(Beräkningar!F:F,Beräkningar!B:B,B60,'Priser SE1'!G:G,A60),0) | H60: =IFERROR(IF(C60>0,SUMIFS(Beräkningar!G:G,Beräkningar!B:B,B60,'Priser SE1'!G:G,A60)/C60,0),0) | I60: =IFERROR(SUMIFS(Beräkningar!J:J,Beräkningar!B:B,B60,'Priser SE1'!G:G,A60),0) | J60: =IFERROR(IF(C60>0,SUMIFS(Beräkningar!K:K,Beräkningar!B:B,B60,'Priser SE1'!G:G,A60)/C60,0),0)
A61: 2023-01 | B61: SE2 | C61: =IFERROR(SUMPRODUCT((Beräkningar!B:B=B61)*('Priser SE2'!G:G=A61)*1),0) | D61: =IFERROR(AVERAGEIFS(Beräkningar!E:E,Beräkningar!B:B,B61,'Priser SE2'!G:G,A61),0) | E61: 44.73 | F61: =IFERROR(MAXIFS(Beräkningar!E:E,Beräkningar!B:B,B61,'Priser SE2'!G:G,A61),0) | G61: =IFERROR(SUMIFS(Beräkningar!F:F,Beräkningar!B:B,B61,'Priser SE2'!G:G,A61),0) | H61: =IFERROR(IF(C61>0,SUMIFS(Beräkningar!G:G,Beräkningar!B:B,B61,'Priser SE2'!G:G,A61)/C61,0),0) | I61: =IFERROR(SUMIFS(Beräkningar!J:J,Beräkningar!B:B,B61,'Priser SE2'!G:G,A61),0) | J61: =IFERROR(IF(C61>0,SUMIFS(Beräkningar!K:K,Beräkningar!B:B,B61,'Priser SE2'!G:G,A61)/C61,0),0)
A62: 2023-01 | B62: SE3 | C62: =IFERROR(SUMPRODUCT((Beräkningar!B:B=B62)*('Priser SE3'!G:G=A62)*1),0) | D62: =IFERROR(AVERAGEIFS(Beräkningar!E:E,Beräkningar!B:B,B62,'Priser SE3'!G:G,A62),0) | E62: 95.97 | F62: =IFERROR(MAXIFS(Beräkningar!E:E,Beräkningar!B:B,B62,'Priser SE3'!G:G,A62),0) | G62: =IFERROR(SUMIFS(Beräkningar!F:F,Beräkningar!B:B,B62,'Priser SE3'!G:G,A62),0) | H62: =IFERROR(IF(C62>0,SUMIFS(Beräkningar!G:G,Beräkningar!B:B,B62,'Priser SE3'!G:G,A62)/C62,0),0) | I62: =IFERROR(SUMIFS(Beräkningar!J:J,Beräkningar!B:B,B62,'Priser SE3'!G:G,A62),0) | J62: =IFERROR(IF(C62>0,SUMIFS(Beräkningar!K:K,Beräkningar!B:B,B62,'Priser SE3'!G:G,A62)/C62,0),0)
A63: 2023-01 | B63: SE4 | C63: =IFERROR(SUMPRODUCT((Beräkningar!B:B=B63)*('Priser SE4'!G:G=A63)*1),0) | D63: =IFERROR(AVERAGEIFS(Beräkningar!E:E,Beräkningar!B:B,B63,'Priser SE4'!G:G,A63),0) | E63: 99.28 | F63: =IFERROR(MAXIFS(Beräkningar!E:E,Beräkningar!B:B,B63,'Priser SE4'!G:G,A63),0) | G63: =IFERROR(SUMIFS(Beräkningar!F:F,Beräkningar!B:B,B63,'Priser SE4'!G:G,A63),0) | H63: =IFERROR(IF(C63>0,SUMIFS(Beräkningar!G:G,Beräkningar!B:B,B63,'Priser SE4'!G:G,A63)/C63,0),0) | I63: =IFERROR(SUMIFS(Beräkningar!J:J,Beräkningar!B:B,B63,'Priser SE4'!G:G,A63),0) | J63: =IFERROR(IF(C63>0,SUMIFS(Beräkningar!K:K,Beräkningar!B:B,B63,'Priser SE4'!G:G,A63)/C63,0),0)
A64: 2023-02 | B64: SE1 | C64: =IFERROR(SUMPRODUCT((Beräkningar!B:B=B64)*('Priser SE1'!G:G=A64)*1),0) | D64: =IFERROR(AVERAGEIFS(Beräkningar!E:E,Beräkningar!B:B,B64,'Priser SE1'!G:G,A64),0) | E64: 20.28 | F64: =IFERROR(MAXIFS(Beräkningar!E:E,Beräkningar!B:B,B64,'Priser SE1'!G:G,A64),0) | G64: =IFERROR(SUMIFS(Beräkningar!F:F,Beräkningar!B:B,B64,'Priser SE1'!G:G,A64),0) | H64: =IFERROR(IF(C64>0,SUMIFS(Beräkningar!G:G,Beräkningar!B:B,B64,'Priser SE1'!G:G,A64)/C64,0),0) | I64: =IFERROR(SUMIFS(Beräkningar!J:J,Beräkningar!B:B,B64,'Priser SE1'!G:G,A64),0) | J64: =IFERROR(IF(C64>0,SUMIFS(Beräkningar!K:K,Beräkningar!B:B,B64,'Priser SE1'!G:G,A64)/C64,0),0)
A65: 2023-02 | B65: SE2 | C65: =IFERROR(SUMPRODUCT((Beräkningar!B:B=B65)*('Priser SE2'!G:G=A65)*1),0) | D65: =IFERROR(AVERAGEIFS(Beräkningar!E:E,Beräkningar!B:B,B65,'Priser SE2'!G:G,A65),0) | E65: 20.28 | F65: =IFERROR(MAXIFS(Beräkningar!E:E,Beräkningar!B:B,B65,'Priser SE2'!G:G,A65),0) | G65: =IFERROR(SUMIFS(Beräkningar!F:F,Beräkningar!B:B,B65,'Priser SE2'!G:G,A65),0) | H65: =IFERROR(IF(C65>0,SUMIFS(Beräkningar!G:G,Beräkningar!B:B,B65,'Priser SE2'!G:G,A65)/C65,0),0) | I65: =IFERROR(SUMIFS(Beräkningar!J:J,Beräkningar!B:B,B65,'Priser SE2'!G:G,A65),0) | J65: =IFERROR(IF(C65>0,SUMIFS(Beräkningar!K:K,Beräkningar!B:B,B65,'Priser SE2'!G:G,A65)/C65,0),0)
A66: 2023-02 | B66: SE3 | C66: =IFERROR(SUMPRODUCT((Beräkningar!B:B=B66)*('Priser SE3'!G:G=A66)*1),0) | D66: =IFERROR(AVERAGEIFS(Beräkningar!E:E,Beräkningar!B:B,B66,'Priser SE3'!G:G,A66),0) | E66: 93.38 | F66: =IFERROR(MAXIFS(Beräkningar!E:E,Beräkningar!B:B,B66,'Priser SE3'!G:G,A66),0) | G66: =IFERROR(SUMIFS(Beräkningar!F:F,Beräkningar!B:B,B66,'Priser SE3'!G:G,A66),0) | H66: =IFERROR(IF(C66>0,SUMIFS(Beräkningar!G:G,Beräkningar!B:B,B66,'Priser SE3'!G:G,A66)/C66,0),0) | I66: =IFERROR(SUMIFS(Beräkningar!J:J,Beräkningar!B:B,B66,'Priser SE3'!G:G,A66),0) | J66: =IFERROR(IF(C66>0,SUMIFS(Beräkningar!K:K,Beräkningar!B:B,B66,'Priser SE3'!G:G,A66)/C66,0),0)
A67: 2023-02 | B67: SE4 | C67: =IFERROR(SUMPRODUCT((Beräkningar!B:B=B67)*('Priser SE4'!G:G=A67)*1),0) | D67: =IFERROR(AVERAGEIFS(Beräkningar!E:E,Beräkningar!B:B,B67,'Priser SE4'!G:G,A67),0) | E67: 112.71 | F67: =IFERROR(MAXIFS(Beräkningar!E:E,Beräkningar!B:B,B67,'Priser SE4'!G:G,A67),0) | G67: =IFERROR(SUMIFS(Beräkningar!F:F,Beräkningar!B:B,B67,'Priser SE4'!G:G,A67),0) | H67: =IFERROR(IF(C67>0,SUMIFS(Beräkningar!G:G,Beräkningar!B:B,B67,'Priser SE4'!G:G,A67)/C67,0),0) | I67: =IFERROR(SUMIFS(Beräkningar!J:J,Beräkningar!B:B,B67,'Priser SE4'!G:G,A67),0) | J67: =IFERROR(IF(C67>0,SUMIFS(Beräkningar!K:K,Beräkningar!B:B,B67,'Priser SE4'!G:G,A67)/C67,0),0)
A68: 2023-03 | B68: SE1 | C68: =IFERROR(SUMPRODUCT((Beräkningar!B:B=B68)*('Priser SE1'!G:G=A68)*1),0) | D68: =IFERROR(AVERAGEIFS(Beräkningar!E:E,Beräkningar!B:B,B68,'Priser SE1'!G:G,A68),0) | E68: 30.96 | F68: =IFERROR(MAXIFS(Beräkningar!E:E,Beräkningar!B:B,B68,'Priser SE1'!G:G,A68),0) | G68: =IFERROR(SUMIFS(Beräkningar!F:F,Beräkningar!B:B,B68,'Priser SE1'!G:G,A68),0) | H68: =IFERROR(IF(C68>0,SUMIFS(Beräkningar!G:G,Beräkningar!B:B,B68,'Priser SE1'!G:G,A68)/C68,0),0) | I68: =IFERROR(SUMIFS(Beräkningar!J:J,Beräkningar!B:B,B68,'Priser SE1'!G:G,A68),0) | J68: =IFERROR(IF(C68>0,SUMIFS(Beräkningar!K:K,Beräkningar!B:B,B68,'Priser SE1'!G:G,A68)/C68,0),0)
A69: 2023-03 | B69: SE2 | C69: =IFERROR(SUMPRODUCT((Beräkningar!B:B=B69)*('Priser SE2'!G:G=A69)*1),0) | D69: =IFERROR(AVERAGEIFS(Beräkningar!E:E,Beräkningar!B:B,B69,'Priser SE2'!G:G,A69),0) | E69: 30.96 | F69: =IFERROR(MAXIFS(Beräkningar!E:E,Beräkningar!B:B,B69,'Priser SE2'!G:G,A69),0) | G69: =IFERROR(SUMIFS(Beräkningar!F:F,Beräkningar!B:B,B69,'Priser SE2'!G:G,A69),0) | H69: =IFERROR(IF(C69>0,SUMIFS(Beräkningar!G:G,Beräkningar!B:B,B69,'Priser SE2'!G:G,A69)/C69,0),0) | I69: =IFERROR(SUMIFS(Beräkningar!J:J,Beräkningar!B:B,B69,'Priser SE2'!G:G,A69),0) | J69: =IFERROR(IF(C69>0,SUMIFS(Beräkningar!K:K,Beräkningar!B:B,B69,'Priser SE2'!G:G,A69)/C69,0),0)
A70: 2023-03 | B70: SE3 | C70: =IFERROR(SUMPRODUCT((Beräkningar!B:B=B70)*('Priser SE3'!G:G=A70)*1),0) | D70: =IFERROR(AVERAGEIFS(Beräkningar!E:E,Beräkningar!B:B,B70,'Priser SE3'!G:G,A70),0) | E70: 78.76 | F70: =IFERROR(MAXIFS(Beräkningar!E:E,Beräkningar!B:B,B70,'Priser SE3'!G:G,A70),0) | G70: =IFERROR(SUMIFS(Beräkningar!F:F,Beräkningar!B:B,B70,'Priser SE3'!G:G,A70),0) | H70: =IFERROR(IF(C70>0,SUMIFS(Beräkningar!G:G,Beräkningar!B:B,B70,'Priser SE3'!G:G,A70)/C70,0),0) | I70: =IFERROR(SUMIFS(Beräkningar!J:J,Beräkningar!B:B,B70,'Priser SE3'!G:G,A70),0) | J70: =IFERROR(IF(C70>0,SUMIFS(Beräkningar!K:K,Beräkningar!B:B,B70,'Priser SE3'!G:G,A70)/C70,0),0)
A71: 2023-03 | B71: SE4 | C71: =IFERROR(SUMPRODUCT((Beräkningar!B:B=B71)*('Priser SE4'!G:G=A71)*1),0) | D71: =IFERROR(AVERAGEIFS(Beräkningar!E:E,Beräkningar!B:B,B71,'Priser SE4'!G:G,A71),0) | E71: 92.74 | F71: =IFERROR(MAXIFS(Beräkningar!E:E,Beräkningar!B:B,B71,'Priser SE4'!G:G,A71),0) | G71: =IFERROR(SUMIFS(Beräkningar!F:F,Beräkningar!B:B,B71,'Priser SE4'!G:G,A71),0) | H71: =IFERROR(IF(C71>0,SUMIFS(Beräkningar!G:G,Beräkningar!B:B,B71,'Priser SE4'!G:G,A71)/C71,0),0) | I71: =IFERROR(SUMIFS(Beräkningar!J:J,Beräkningar!B:B,B71,'Priser SE4'!G:G,A71),0) | J71: =IFERROR(IF(C71>0,SUMIFS(Beräkningar!K:K,Beräkningar!B:B,B71,'Priser SE4'!G:G,A71)/C71,0),0)
A72: 2023-04 | B72: SE1 | C72: =IFERROR(SUMPRODUCT((Beräkningar!B:B=B72)*('Priser SE1'!G:G=A72)*1),0) | D72: =IFERROR(AVERAGEIFS(Beräkningar!E:E,Beräkningar!B:B,B72,'Priser SE1'!G:G,A72),0) | E72: 49.89 | F72: =IFERROR(MAXIFS(Beräkningar!E:E,Beräkningar!B:B,B72,'Priser SE1'!G:G,A72),0) | G72: =IFERROR(SUMIFS(Beräkningar!F:F,Beräkningar!B:B,B72,'Priser SE1'!G:G,A72),0) | H72: =IFERROR(IF(C72>0,SUMIFS(Beräkningar!G:G,Beräkningar!B:B,B72,'Priser SE1'!G:G,A72)/C72,0),0) | I72: =IFERROR(SUMIFS(Beräkningar!J:J,Beräkningar!B:B,B72,'Priser SE1'!G:G,A72),0) | J72: =IFERROR(IF(C72>0,SUMIFS(Beräkningar!K:K,Beräkningar!B:B,B72,'Priser SE1'!G:G,A72)/C72,0),0)
A73: 2023-04 | B73: SE2 | C73: =IFERROR(SUMPRODUCT((Beräkningar!B:B=B73)*('Priser SE2'!G:G=A73)*1),0) | D73: =IFERROR(AVERAGEIFS(Beräkningar!E:E,Beräkningar!B:B,B73,'Priser SE2'!G:G,A73),0) | E73: 49.89 | F73: =IFERROR(MAXIFS(Beräkningar!E:E,Beräkningar!B:B,B73,'Priser SE2'!G:G,A73),0) | G73: =IFERROR(SUMIFS(Beräkningar!F:F,Beräkningar!B:B,B73,'Priser SE2'!G:G,A73),0) | H73: =IFERROR(IF(C73>0,SUMIFS(Beräkningar!G:G,Beräkningar!B:B,B73,'Priser SE2'!G:G,A73)/C73,0),0) | I73: =IFERROR(SUMIFS(Beräkningar!J:J,Beräkningar!B:B,B73,'Priser SE2'!G:G,A73),0) | J73: =IFERROR(IF(C73>0,SUMIFS(Beräkningar!K:K,Beräkningar!B:B,B73,'Priser SE2'!G:G,A73)/C73,0),0)
A74: 2023-04 | B74: SE3 | C74: =IFERROR(SUMPRODUCT((Beräkningar!B:B=B74)*('Priser SE3'!G:G=A74)*1),0) | D74: =IFERROR(AVERAGEIFS(Beräkningar!E:E,Beräkningar!B:B,B74,'Priser SE3'!G:G,A74),0) | E74: 52.05 | F74: =IFERROR(MAXIFS(Beräkningar!E:E,Beräkningar!B:B,B74,'Priser SE3'!G:G,A74),0) | G74: =IFERROR(SUMIFS(Beräkningar!F:F,Beräkningar!B:B,B74,'Priser SE3'!G:G,A74),0) | H74: =IFERROR(IF(C74>0,SUMIFS(Beräkningar!G:G,Beräkningar!B:B,B74,'Priser SE3'!G:G,A74)/C74,0),0) | I74: =IFERROR(SUMIFS(Beräkningar!J:J,Beräkningar!B:B,B74,'Priser SE3'!G:G,A74),0) | J74: =IFERROR(IF(C74>0,SUMIFS(Beräkningar!K:K,Beräkningar!B:B,B74,'Priser SE3'!G:G,A74)/C74,0),0)
A75: 2023-04 | B75: SE4 | C75: =IFERROR(SUMPRODUCT((Beräkningar!B:B=B75)*('Priser SE4'!G:G=A75)*1),0) | D75: =IFERROR(AVERAGEIFS(Beräkningar!E:E,Beräkningar!B:B,B75,'Priser SE4'!G:G,A75),0) | E75: 77.73 | F75: =IFERROR(MAXIFS(Beräkningar!E:E,Beräkningar!B:B,B75,'Priser SE4'!G:G,A75),0) | G75: =IFERROR(SUMIFS(Beräkningar!F:F,Beräkningar!B:B,B75,'Priser SE4'!G:G,A75),0) | H75: =IFERROR(IF(C75>0,SUMIFS(Beräkningar!G:G,Beräkningar!B:B,B75,'Priser SE4'!G:G,A75)/C75,0),0) | I75: =IFERROR(SUMIFS(Beräkningar!J:J,Beräkningar!B:B,B75,'Priser SE4'!G:G,A75),0) | J75: =IFERROR(IF(C75>0,SUMIFS(Beräkningar!K:K,Beräkningar!B:B,B75,'Priser SE4'!G:G,A75)/C75,0),0)
A76: 2023-05 | B76: SE1 | C76: =IFERROR(SUMPRODUCT((Beräkningar!B:B=B76)*('Priser SE1'!G:G=A76)*1),0) | D76: =IFERROR(AVERAGEIFS(Beräkningar!E:E,Beräkningar!B:B,B76,'Priser SE1'!G:G,A76),0) | E76: 22.06 | F76: =IFERROR(MAXIFS(Beräkningar!E:E,Beräkningar!B:B,B76,'Priser SE1'!G:G,A76),0) | G76: =IFERROR(SUMIFS(Beräkningar!F:F,Beräkningar!B:B,B76,'Priser SE1'!G:G,A76),0) | H76: =IFERROR(IF(C76>0,SUMIFS(Beräkningar!G:G,Beräkningar!B:B,B76,'Priser SE1'!G:G,A76)/C76,0),0) | I76: =IFERROR(SUMIFS(Beräkningar!J:J,Beräkningar!B:B,B76,'Priser SE1'!G:G,A76),0) | J76: =IFERROR(IF(C76>0,SUMIFS(Beräkningar!K:K,Beräkningar!B:B,B76,'Priser SE1'!G:G,A76)/C76,0),0)
A77: 2023-05 | B77: SE2 | C77: =IFERROR(SUMPRODUCT((Beräkningar!B:B=B77)*('Priser SE2'!G:G=A77)*1),0) | D77: =IFERROR(AVERAGEIFS(Beräkningar!E:E,Beräkningar!B:B,B77,'Priser SE2'!G:G,A77),0) | E77: 22.06 | F77: =IFERROR(MAXIFS(Beräkningar!E:E,Beräkningar!B:B,B77,'Priser SE2'!G:G,A77),0) | G77: =IFERROR(SUMIFS(Beräkningar!F:F,Beräkningar!B:B,B77,'Priser SE2'!G:G,A77),0) | H77: =IFERROR(IF(C77>0,SUMIFS(Beräkningar!G:G,Beräkningar!B:B,B77,'Priser SE2'!G:G,A77)/C77,0),0) | I77: =IFERROR(SUMIFS(Beräkningar!J:J,Beräkningar!B:B,B77,'Priser SE2'!G:G,A77),0) | J77: =IFERROR(IF(C77>0,SUMIFS(Beräkningar!K:K,Beräkningar!B:B,B77,'Priser SE2'!G:G,A77)/C77,0),0)
A78: 2023-05 | B78: SE3 | C78: =IFERROR(SUMPRODUCT((Beräkningar!B:B=B78)*('Priser SE3'!G:G=A78)*1),0) | D78: =IFERROR(AVERAGEIFS(Beräkningar!E:E,Beräkningar!B:B,B78,'Priser SE3'!G:G,A78),0) | E78: 71.68 | F78: =IFERROR(MAXIFS(Beräkningar!E:E,Beräkningar!B:B,B78,'Priser SE3'!G:G,A78),0) | G78: =IFERROR(SUMIFS(Beräkningar!F:F,Beräkningar!B:B,B78,'Priser SE3'!G:G,A78),0) | H78: =IFERROR(IF(C78>0,SUMIFS(Beräkningar!G:G,Beräkningar!B:B,B78,'Priser SE3'!G:G,A78)/C78,0),0) | I78: =IFERROR(SUMIFS(Beräkningar!J:J,Beräkningar!B:B,B78,'Priser SE3'!G:G,A78),0) | J78: =IFERROR(IF(C78>0,SUMIFS(Beräkningar!K:K,Beräkningar!B:B,B78,'Priser SE3'!G:G,A78)/C78,0),0)
A79: 2023-05 | B79: SE4 | C79: =IFERROR(SUMPRODUCT((Beräkningar!B:B=B79)*('Priser SE4'!G:G=A79)*1),0) | D79: =IFERROR(AVERAGEIFS(Beräkningar!E:E,Beräkningar!B:B,B79,'Priser SE4'!G:G,A79),0) | E79: 94.37 | F79: =IFERROR(MAXIFS(Beräkningar!E:E,Beräkningar!B:B,B79,'Priser SE4'!G:G,A79),0) | G79: =IFERROR(SUMIFS(Beräkningar!F:F,Beräkningar!B:B,B79,'Priser SE4'!G:G,A79),0) | H79: =IFERROR(IF(C79>0,SUMIFS(Beräkningar!G:G,Beräkningar!B:B,B79,'Priser SE4'!G:G,A79)/C79,0),0) | I79: =IFERROR(SUMIFS(Beräkningar!J:J,Beräkningar!B:B,B79,'Priser SE4'!G:G,A79),0) | J79: =IFERROR(IF(C79>0,SUMIFS(Beräkningar!K:K,Beräkningar!B:B,B79,'Priser SE4'!G:G,A79)/C79,0),0)
A80: 2023-06 | B80: SE1 | C80: =IFERROR(SUMPRODUCT((Beräkningar!B:B=B80)*('Priser SE1'!G:G=A80)*1),0) | D80: =IFERROR(AVERAGEIFS(Beräkningar!E:E,Beräkningar!B:B,B80,'Priser SE1'!G:G,A80),0) | E80: 34.66 | F80: =IFERROR(MAXIFS(Beräkningar!E:E,Beräkningar!B:B,B80,'Priser SE1'!G:G,A80),0) | G80: =IFERROR(SUMIFS(Beräkningar!F:F,Beräkningar!B:B,B80,'Priser SE1'!G:G,A80),0) | H80: =IFERROR(IF(C80>0,SUMIFS(Beräkningar!G:G,Beräkningar!B:B,B80,'Priser SE1'!G:G,A80)/C80,0),0) | I80: =IFERROR(SUMIFS(Beräkningar!J:J,Beräkningar!B:B,B80,'Priser SE1'!G:G,A80),0) | J80: =IFERROR(IF(C80>0,SUMIFS(Beräkningar!K:K,Beräkningar!B:B,B80,'Priser SE1'!G:G,A80)/C80,0),0)
A81: 2023-06 | B81: SE2 | C81: =IFERROR(SUMPRODUCT((Beräkningar!B:B=B81)*('Priser SE2'!G:G=A81)*1),0) | D81: =IFERROR(AVERAGEIFS(Beräkningar!E:E,Beräkningar!B:B,B81,'Priser SE2'!G:G,A81),0) | E81: 34.66 | F81: =IFERROR(MAXIFS(Beräkningar!E:E,Beräkningar!B:B,B81,'Priser SE2'!G:G,A81),0) | G81: =IFERROR(SUMIFS(Beräkningar!F:F,Beräkningar!B:B,B81,'Priser SE2'!G:G,A81),0) | H81: =IFERROR(IF(C81>0,SUMIFS(Beräkningar!G:G,Beräkningar!B:B,B81,'Priser SE2'!G:G,A81)/C81,0),0) | I81: =IFERROR(SUMIFS(Beräkningar!J:J,Beräkningar!B:B,B81,'Priser SE2'!G:G,A81),0) | J81: =IFERROR(IF(C81>0,SUMIFS(Beräkningar!K:K,Beräkningar!B:B,B81,'Priser SE2'!G:G,A81)/C81,0),0)
A82: 2023-06 | B82: SE3 | C82: =IFERROR(SUMPRODUCT((Beräkningar!B:B=B82)*('Priser SE3'!G:G=A82)*1),0) | D82: =IFERROR(AVERAGEIFS(Beräkningar!E:E,Beräkningar!B:B,B82,'Priser SE3'!G:G,A82),0) | E82: 36.44 | F82: =IFERROR(MAXIFS(Beräkningar!E:E,Beräkningar!B:B,B82,'Priser SE3'!G:G,A82),0) | G82: =IFERROR(SUMIFS(Beräkningar!F:F,Beräkningar!B:B,B82,'Priser SE3'!G:G,A82),0) | H82: =IFERROR(IF(C82>0,SUMIFS(Beräkningar!G:G,Beräkningar!B:B,B82,'Priser SE3'!G:G,A82)/C82,0),0) | I82: =IFERROR(SUMIFS(Beräkningar!J:J,Beräkningar!B:B,B82,'Priser SE3'!G:G,A82),0) | J82: =IFERROR(IF(C82>0,SUMIFS(Beräkningar!K:K,Beräkningar!B:B,B82,'Priser SE3'!G:G,A82)/C82,0),0)
A83: 2023-06 | B83: SE4 | C83: =IFERROR(SUMPRODUCT((Beräkningar!B:B=B83)*('Priser SE4'!G:G=A83)*1),0) | D83: =IFERROR(AVERAGEIFS(Beräkningar!E:E,Beräkningar!B:B,B83,'Priser SE4'!G:G,A83),0) | E83: 83.67 | F83: =IFERROR(MAXIFS(Beräkningar!E:E,Beräkningar!B:B,B83,'Priser SE4'!G:G,A83),0) | G83: =IFERROR(SUMIFS(Beräkningar!F:F,Beräkningar!B:B,B83,'Priser SE4'!G:G,A83),0) | H83: =IFERROR(IF(C83>0,SUMIFS(Beräkningar!G:G,Beräkningar!B:B,B83,'Priser SE4'!G:G,A83)/C83,0),0) | I83: =IFERROR(SUMIFS(Beräkningar!J:J,Beräkningar!B:B,B83,'Priser SE4'!G:G,A83),0) | J83: =IFERROR(IF(C83>0,SUMIFS(Beräkningar!K:K,Beräkningar!B:B,B83,'Priser SE4'!G:G,A83)/C83,0),0)
A84: 2023-07 | B84: SE1 | C84: =IFERROR(SUMPRODUCT((Beräkningar!B:B=B84)*('Priser SE1'!G:G=A84)*1),0) | D84: =IFERROR(AVERAGEIFS(Beräkningar!E:E,Beräkningar!B:B,B84,'Priser SE1'!G:G,A84),0) | E84: 27.49 | F84: =IFERROR(MAXIFS(Beräkningar!E:E,Beräkningar!B:B,B84,'Priser SE1'!G:G,A84),0) | G84: =IFERROR(SUMIFS(Beräkningar!F:F,Beräkningar!B:B,B84,'Priser SE1'!G:G,A84),0) | H84: =IFERROR(IF(C84>0,SUMIFS(Beräkningar!G:G,Beräkningar!B:B,B84,'Priser SE1'!G:G,A84)/C84,0),0) | I84: =IFERROR(SUMIFS(Beräkningar!J:J,Beräkningar!B:B,B84,'Priser SE1'!G:G,A84),0) | J84: =IFERROR(IF(C84>0,SUMIFS(Beräkningar!K:K,Beräkningar!B:B,B84,'Priser SE1'!G:G,A84)/C84,0),0)
A85: 2023-07 | B85: SE2 | C85: =IFERROR(SUMPRODUCT((Beräkningar!B:B=B85)*('Priser SE2'!G:G=A85)*1),0) | D85: =IFERROR(AVERAGEIFS(Beräkningar!E:E,Beräkningar!B:B,B85,'Priser SE2'!G:G,A85),0) | E85: 27.49 | F85: =IFERROR(MAXIFS(Beräkningar!E:E,Beräkningar!B:B,B85,'Priser SE2'!G:G,A85),0) | G85: =IFERROR(SUMIFS(Beräkningar!F:F,Beräkningar!B:B,B85,'Priser SE2'!G:G,A85),0) | H85: =IFERROR(IF(C85>0,SUMIFS(Beräkningar!G:G,Beräkningar!B:B,B85,'Priser SE2'!G:G,A85)/C85,0),0) | I85: =IFERROR(SUMIFS(Beräkningar!J:J,Beräkningar!B:B,B85,'Priser SE2'!G:G,A85),0) | J85: =IFERROR(IF(C85>0,SUMIFS(Beräkningar!K:K,Beräkningar!B:B,B85,'Priser SE2'!G:G,A85)/C85,0),0)
A86: 2023-07 | B86: SE3 | C86: =IFERROR(SUMPRODUCT((Beräkningar!B:B=B86)*('Priser SE3'!G:G=A86)*1),0) | D86: =IFERROR(AVERAGEIFS(Beräkningar!E:E,Beräkningar!B:B,B86,'Priser SE3'!G:G,A86),0) | E86: 27.49 | F86: =IFERROR(MAXIFS(Beräkningar!E:E,Beräkningar!B:B,B86,'Priser SE3'!G:G,A86),0) | G86: =IFERROR(SUMIFS(Beräkningar!F:F,Beräkningar!B:B,B86,'Priser SE3'!G:G,A86),0) | H86: =IFERROR(IF(C86>0,SUMIFS(Beräkningar!G:G,Beräkningar!B:B,B86,'Priser SE3'!G:G,A86)/C86,0),0) | I86: =IFERROR(SUMIFS(Beräkningar!J:J,Beräkningar!B:B,B86,'Priser SE3'!G:G,A86),0) | J86: =IFERROR(IF(C86>0,SUMIFS(Beräkningar!K:K,Beräkningar!B:B,B86,'Priser SE3'!G:G,A86)/C86,0),0)
A87: 2023-07 | B87: SE4 | C87: =IFERROR(SUMPRODUCT((Beräkningar!B:B=B87)*('Priser SE4'!G:G=A87)*1),0) | D87: =IFERROR(AVERAGEIFS(Beräkningar!E:E,Beräkningar!B:B,B87,'Priser SE4'!G:G,A87),0) | E87: 34.09 | F87: =IFERROR(MAXIFS(Beräkningar!E:E,Beräkningar!B:B,B87,'Priser SE4'!G:G,A87),0) | G87: =IFERROR(SUMIFS(Beräkningar!F:F,Beräkningar!B:B,B87,'Priser SE4'!G:G,A87),0) | H87: =IFERROR(IF(C87>0,SUMIFS(Beräkningar!G:G,Beräkningar!B:B,B87,'Priser SE4'!G:G,A87)/C87,0),0) | I87: =IFERROR(SUMIFS(Beräkningar!J:J,Beräkningar!B:B,B87,'Priser SE4'!G:G,A87),0) | J87: =IFERROR(IF(C87>0,SUMIFS(Beräkningar!K:K,Beräkningar!B:B,B87,'Priser SE4'!G:G,A87)/C87,0),0)
A88: 2023-08 | B88: SE1 | C88: =IFERROR(SUMPRODUCT((Beräkningar!B:B=B88)*('Priser SE1'!G:G=A88)*1),0) | D88: =IFERROR(AVERAGEIFS(Beräkningar!E:E,Beräkningar!B:B,B88,'Priser SE1'!G:G,A88),0) | E88: 14.68 | F88: =IFERROR(MAXIFS(Beräkningar!E:E,Beräkningar!B:B,B88,'Priser SE1'!G:G,A88),0) | G88: =IFERROR(SUMIFS(Beräkningar!F:F,Beräkningar!B:B,B88,'Priser SE1'!G:G,A88),0) | H88: =IFERROR(IF(C88>0,SUMIFS(Beräkningar!G:G,Beräkningar!B:B,B88,'Priser SE1'!G:G,A88)/C88,0),0) | I88: =IFERROR(SUMIFS(Beräkningar!J:J,Beräkningar!B:B,B88,'Priser SE1'!G:G,A88),0) | J88: =IFERROR(IF(C88>0,SUMIFS(Beräkningar!K:K,Beräkningar!B:B,B88,'Priser SE1'!G:G,A88)/C88,0),0)
A89: 2023-08 | B89: SE2 | C89: =IFERROR(SUMPRODUCT((Beräkningar!B:B=B89)*('Priser SE2'!G:G=A89)*1),0) | D89: =IFERROR(AVERAGEIFS(Beräkningar!E:E,Beräkningar!B:B,B89,'Priser SE2'!G:G,A89),0) | E89: 14.68 | F89: =IFERROR(MAXIFS(Beräkningar!E:E,Beräkningar!B:B,B89,'Priser SE2'!G:G,A89),0) | G89: =IFERROR(SUMIFS(Beräkningar!F:F,Beräkningar!B:B,B89,'Priser SE2'!G:G,A89),0) | H89: =IFERROR(IF(C89>0,SUMIFS(Beräkningar!G:G,Beräkningar!B:B,B89,'Priser SE2'!G:G,A89)/C89,0),0) | I89: =IFERROR(SUMIFS(Beräkningar!J:J,Beräkningar!B:B,B89,'Priser SE2'!G:G,A89),0) | J89: =IFERROR(IF(C89>0,SUMIFS(Beräkningar!K:K,Beräkningar!B:B,B89,'Priser SE2'!G:G,A89)/C89,0),0)
A90: 2023-08 | B90: SE3 | C90: =IFERROR(SUMPRODUCT((Beräkningar!B:B=B90)*('Priser SE3'!G:G=A90)*1),0) | D90: =IFERROR(AVERAGEIFS(Beräkningar!E:E,Beräkningar!B:B,B90,'Priser SE3'!G:G,A90),0) | E90: 17.69 | F90: =IFERROR(MAXIFS(Beräkningar!E:E,Beräkningar!B:B,B90,'Priser SE3'!G:G,A90),0) | G90: =IFERROR(SUMIFS(Beräkningar!F:F,Beräkningar!B:B,B90,'Priser SE3'!G:G,A90),0) | H90: =IFERROR(IF(C90>0,SUMIFS(Beräkningar!G:G,Beräkningar!B:B,B90,'Priser SE3'!G:G,A90)/C90,0),0) | I90: =IFERROR(SUMIFS(Beräkningar!J:J,Beräkningar!B:B,B90,'Priser SE3'!G:G,A90),0) | J90: =IFERROR(IF(C90>0,SUMIFS(Beräkningar!K:K,Beräkningar!B:B,B90,'Priser SE3'!G:G,A90)/C90,0),0)
A91: 2023-08 | B91: SE4 | C91: =IFERROR(SUMPRODUCT((Beräkningar!B:B=B91)*('Priser SE4'!G:G=A91)*1),0) | D91: =IFERROR(AVERAGEIFS(Beräkningar!E:E,Beräkningar!B:B,B91,'Priser SE4'!G:G,A91),0) | E91: 108.15 | F91: =IFERROR(MAXIFS(Beräkningar!E:E,Beräkningar!B:B,B91,'Priser SE4'!G:G,A91),0) | G91: =IFERROR(SUMIFS(Beräkningar!F:F,Beräkningar!B:B,B91,'Priser SE4'!G:G,A91),0) | H91: =IFERROR(IF(C91>0,SUMIFS(Beräkningar!G:G,Beräkningar!B:B,B91,'Priser SE4'!G:G,A91)/C91,0),0) | I91: =IFERROR(SUMIFS(Beräkningar!J:J,Beräkningar!B:B,B91,'Priser SE4'!G:G,A91),0) | J91: =IFERROR(IF(C91>0,SUMIFS(Beräkningar!K:K,Beräkningar!B:B,B91,'Priser SE4'!G:G,A91)/C91,0),0)
A92: 2023-09 | B92: SE1 | C92: =IFERROR(SUMPRODUCT((Beräkningar!B:B=B92)*('Priser SE1'!G:G=A92)*1),0) | D92: =IFERROR(AVERAGEIFS(Beräkningar!E:E,Beräkningar!B:B,B92,'Priser SE1'!G:G,A92),0) | E92: 11.43 | F92: =IFERROR(MAXIFS(Beräkningar!E:E,Beräkningar!B:B,B92,'Priser SE1'!G:G,A92),0) | G92: =IFERROR(SUMIFS(Beräkningar!F:F,Beräkningar!B:B,B92,'Priser SE1'!G:G,A92),0) | H92: =IFERROR(IF(C92>0,SUMIFS(Beräkningar!G:G,Beräkningar!B:B,B92,'Priser SE1'!G:G,A92)/C92,0),0) | I92: =IFERROR(SUMIFS(Beräkningar!J:J,Beräkningar!B:B,B92,'Priser SE1'!G:G,A92),0) | J92: =IFERROR(IF(C92>0,SUMIFS(Beräkningar!K:K,Beräkningar!B:B,B92,'Priser SE1'!G:G,A92)/C92,0),0)
A93: 2023-09 | B93: SE2 | C93: =IFERROR(SUMPRODUCT((Beräkningar!B:B=B93)*('Priser SE2'!G:G=A93)*1),0) | D93: =IFERROR(AVERAGEIFS(Beräkningar!E:E,Beräkningar!B:B,B93,'Priser SE2'!G:G,A93),0) | E93: 11.43 | F93: =IFERROR(MAXIFS(Beräkningar!E:E,Beräkningar!B:B,B93,'Priser SE2'!G:G,A93),0) | G93: =IFERROR(SUMIFS(Beräkningar!F:F,Beräkningar!B:B,B93,'Priser SE2'!G:G,A93),0) | H93: =IFERROR(IF(C93>0,SUMIFS(Beräkningar!G:G,Beräkningar!B:B,B93,'Priser SE2'!G:G,A93)/C93,0),0) | I93: =IFERROR(SUMIFS(Beräkningar!J:J,Beräkningar!B:B,B93,'Priser SE2'!G:G,A93),0) | J93: =IFERROR(IF(C93>0,SUMIFS(Beräkningar!K:K,Beräkningar!B:B,B93,'Priser SE2'!G:G,A93)/C93,0),0)
A94: 2023-09 | B94: SE3 | C94: =IFERROR(SUMPRODUCT((Beräkningar!B:B=B94)*('Priser SE3'!G:G=A94)*1),0) | D94: =IFERROR(AVERAGEIFS(Beräkningar!E:E,Beräkningar!B:B,B94,'Priser SE3'!G:G,A94),0) | E94: 22.93 | F94: =IFERROR(MAXIFS(Beräkningar!E:E,Beräkningar!B:B,B94,'Priser SE3'!G:G,A94),0) | G94: =IFERROR(SUMIFS(Beräkningar!F:F,Beräkningar!B:B,B94,'Priser SE3'!G:G,A94),0) | H94: =IFERROR(IF(C94>0,SUMIFS(Beräkningar!G:G,Beräkningar!B:B,B94,'Priser SE3'!G:G,A94)/C94,0),0) | I94: =IFERROR(SUMIFS(Beräkningar!J:J,Beräkningar!B:B,B94,'Priser SE3'!G:G,A94),0) | J94: =IFERROR(IF(C94>0,SUMIFS(Beräkningar!K:K,Beräkningar!B:B,B94,'Priser SE3'!G:G,A94)/C94,0),0)
A95: 2023-09 | B95: SE4 | C95: =IFERROR(SUMPRODUCT((Beräkningar!B:B=B95)*('Priser SE4'!G:G=A95)*1),0) | D95: =IFERROR(AVERAGEIFS(Beräkningar!E:E,Beräkningar!B:B,B95,'Priser SE4'!G:G,A95),0) | E95: 123.93 | F95: =IFERROR(MAXIFS(Beräkningar!E:E,Beräkningar!B:B,B95,'Priser SE4'!G:G,A95),0) | G95: =IFERROR(SUMIFS(Beräkningar!F:F,Beräkningar!B:B,B95,'Priser SE4'!G:G,A95),0) | H95: =IFERROR(IF(C95>0,SUMIFS(Beräkningar!G:G,Beräkningar!B:B,B95,'Priser SE4'!G:G,A95)/C95,0),0) | I95: =IFERROR(SUMIFS(Beräkningar!J:J,Beräkningar!B:B,B95,'Priser SE4'!G:G,A95),0) | J95: =IFERROR(IF(C95>0,SUMIFS(Beräkningar!K:K,Beräkningar!B:B,B95,'Priser SE4'!G:G,A95)/C95,0),0)
A96: 2023-10 | B96: SE1 | C96: =IFERROR(SUMPRODUCT((Beräkningar!B:B=B96)*('Priser SE1'!G:G=A96)*1),0) | D96: =IFERROR(AVERAGEIFS(Beräkningar!E:E,Beräkningar!B:B,B96,'Priser SE1'!G:G,A96),0) | E96: 10.24 | F96: =IFERROR(MAXIFS(Beräkningar!E:E,Beräkningar!B:B,B96,'Priser SE1'!G:G,A96),0) | G96: =IFERROR(SUMIFS(Beräkningar!F:F,Beräkningar!B:B,B96,'Priser SE1'!G:G,A96),0) | H96: =IFERROR(IF(C96>0,SUMIFS(Beräkningar!G:G,Beräkningar!B:B,B96,'Priser SE1'!G:G,A96)/C96,0),0) | I96: =IFERROR(SUMIFS(Beräkningar!J:J,Beräkningar!B:B,B96,'Priser SE1'!G:G,A96),0) | J96: =IFERROR(IF(C96>0,SUMIFS(Beräkningar!K:K,Beräkningar!B:B,B96,'Priser SE1'!G:G,A96)/C96,0),0)
A97: 2023-10 | B97: SE2 | C97: =IFERROR(SUMPRODUCT((Beräkningar!B:B=B97)*('Priser SE2'!G:G=A97)*1),0) | D97: =IFERROR(AVERAGEIFS(Beräkningar!E:E,Beräkningar!B:B,B97,'Priser SE2'!G:G,A97),0) | E97: 10.24 | F97: =IFERROR(MAXIFS(Beräkningar!E:E,Beräkningar!B:B,B97,'Priser SE2'!G:G,A97),0) | G97: =IFERROR(SUMIFS(Beräkningar!F:F,Beräkningar!B:B,B97,'Priser SE2'!G:G,A97),0) | H97: =IFERROR(IF(C97>0,SUMIFS(Beräkningar!G:G,Beräkningar!B:B,B97,'Priser SE2'!G:G,A97)/C97,0),0) | I97: =IFERROR(SUMIFS(Beräkningar!J:J,Beräkningar!B:B,B97,'Priser SE2'!G:G,A97),0) | J97: =IFERROR(IF(C97>0,SUMIFS(Beräkningar!K:K,Beräkningar!B:B,B97,'Priser SE2'!G:G,A97)/C97,0),0)
A98: 2023-10 | B98: SE3 | C98: =IFERROR(SUMPRODUCT((Beräkningar!B:B=B98)*('Priser SE3'!G:G=A98)*1),0) | D98: =IFERROR(AVERAGEIFS(Beräkningar!E:E,Beräkningar!B:B,B98,'Priser SE3'!G:G,A98),0) | E98: 47.64 | F98: =IFERROR(MAXIFS(Beräkningar!E:E,Beräkningar!B:B,B98,'Priser SE3'!G:G,A98),0) | G98: =IFERROR(SUMIFS(Beräkningar!F:F,Beräkningar!B:B,B98,'Priser SE3'!G:G,A98),0) | H98: =IFERROR(IF(C98>0,SUMIFS(Beräkningar!G:G,Beräkningar!B:B,B98,'Priser SE3'!G:G,A98)/C98,0),0) | I98: =IFERROR(SUMIFS(Beräkningar!J:J,Beräkningar!B:B,B98,'Priser SE3'!G:G,A98),0) | J98: =IFERROR(IF(C98>0,SUMIFS(Beräkningar!K:K,Beräkningar!B:B,B98,'Priser SE3'!G:G,A98)/C98,0),0)
A99: 2023-10 | B99: SE4 | C99: =IFERROR(SUMPRODUCT((Beräkningar!B:B=B99)*('Priser SE4'!G:G=A99)*1),0) | D99: =IFERROR(AVERAGEIFS(Beräkningar!E:E,Beräkningar!B:B,B99,'Priser SE4'!G:G,A99),0) | E99: 50.7 | F99: =IFERROR(MAXIFS(Beräkningar!E:E,Beräkningar!B:B,B99,'Priser SE4'!G:G,A99),0) | G99: =IFERROR(SUMIFS(Beräkningar!F:F,Beräkningar!B:B,B99,'Priser SE4'!G:G,A99),0) | H99: =IFERROR(IF(C99>0,SUMIFS(Beräkningar!G:G,Beräkningar!B:B,B99,'Priser SE4'!G:G,A99)/C99,0),0) | I99: =IFERROR(SUMIFS(Beräkningar!J:J,Beräkningar!B:B,B99,'Priser SE4'!G:G,A99),0) | J99: =IFERROR(IF(C99>0,SUMIFS(Beräkningar!K:K,Beräkningar!B:B,B99,'Priser SE4'!G:G,A99)/C99,0),0)
A100: 2023-11 | B100: SE1 | C100: =IFERROR(SUMPRODUCT((Beräkningar!B:B=B100)*('Priser SE1'!G:G=A100)*1),0) | D100: =IFERROR(AVERAGEIFS(Beräkningar!E:E,Beräkningar!B:B,B100,'Priser SE1'!G:G,A100),0) | E100: 31.03 | F100: =IFERROR(MAXIFS(Beräkningar!E:E,Beräkningar!B:B,B100,'Priser SE1'!G:G,A100),0) | G100: =IFERROR(SUMIFS(Beräkningar!F:F,Beräkningar!B:B,B100,'Priser SE1'!G:G,A100),0) | H100: =IFERROR(IF(C100>0,SUMIFS(Beräkningar!G:G,Beräkningar!B:B,B100,'Priser SE1'!G:G,A100)/C100,0),0) | I100: =IFERROR(SUMIFS(Beräkningar!J:J,Beräkningar!B:B,B100,'Priser SE1'!G:G,A100),0) | J100: =IFERROR(IF(C100>0,SUMIFS(Beräkningar!K:K,Beräkningar!B:B,B100,'Priser SE1'!G:G,A100)/C100,0),0)
...

Sheet Årssammanfattning
A1: År | B1: Zon | C1: Antal dagar | D1: Avg Spread | E1: Median Spread | F1: Max Spread | G1: Revenue 1C | H1: Profitable 1C % | I1: Revenue 2C | J1: Profitable 2C %
A2: 2021 | B2: SE1 | C2: =IFERROR(COUNTIFS('Priser SE1'!H:H,A2),0) | D2: =IFERROR(AVERAGEIFS(Beräkningar!E:E,Beräkningar!B:B,B2,Beräkningar!L:L,A2),0) | E2: 14.01 | F2: =IFERROR(MAXIFS(Beräkningar!E:E,Beräkningar!B:B,B2,Beräkningar!L:L,A2),0) | G2: =IFERROR(SUMIFS(Beräkningar!F:F,Beräkningar!B:B,B2,Beräkningar!L:L,A2),0) | H2: =IFERROR(SUMIFS(Beräkningar!G:G,Beräkningar!B:B,B2,Beräkningar!L:L,A2)/C2,0) | I2: =IFERROR(SUMIFS(Beräkningar!J:J,Beräkningar!B:B,B2,Beräkningar!L:L,A2),0) | J2: =IFERROR(SUMIFS(Beräkningar!K:K,Beräkningar!B:B,B2,Beräkningar!L:L,A2)/C2,0)
A3: 2022 | B3: SE1 | C3: =IFERROR(COUNTIFS('Priser SE1'!H:H,A3),0) | D3: =IFERROR(AVERAGEIFS(Beräkningar!E:E,Beräkningar!B:B,B3,Beräkningar!L:L,A3),0) | E3: 30.77 | F3: =IFERROR(MAXIFS(Beräkningar!E:E,Beräkningar!B:B,B3,Beräkningar!L:L,A3),0) | G3: =IFERROR(SUMIFS(Beräkningar!F:F,Beräkningar!B:B,B3,Beräkningar!L:L,A3),0) | H3: =IFERROR(SUMIFS(Beräkningar!G:G,Beräkningar!B:B,B3,Beräkningar!L:L,A3)/C3,0) | I3: =IFERROR(SUMIFS(Beräkningar!J:J,Beräkningar!B:B,B3,Beräkningar!L:L,A3),0) | J3: =IFERROR(SUMIFS(Beräkningar!K:K,Beräkningar!B:B,B3,Beräkningar!L:L,A3)/C3,0)
A4: 2023 | B4: SE1 | C4: =IFERROR(COUNTIFS('Priser SE1'!H:H,A4),0) | D4: =IFERROR(AVERAGEIFS(Beräkningar!E:E,Beräkningar!B:B,B4,Beräkningar!L:L,A4),0) | E4: 24.81 | F4: =IFERROR(MAXIFS(Beräkningar!E:E,Beräkningar!B:B,B4,Beräkningar!L:L,A4),0) | G4: =IFERROR(SUMIFS(Beräkningar!F:F,Beräkningar!B:B,B4,Beräkningar!L:L,A4),0) | H4: =IFERROR(SUMIFS(Beräkningar!G:G,Beräkningar!B:B,B4,Beräkningar!L:L,A4)/C4,0) | I4: =IFERROR(SUMIFS(Beräkningar!J:J,Beräkningar!B:B,B4,Beräkningar!L:L,A4),0) | J4: =IFERROR(SUMIFS(Beräkningar!K:K,Beräkningar!B:B,B4,Beräkningar!L:L,A4)/C4,0)
A5: 2024 | B5: SE1 | C5: =IFERROR(COUNTIFS('Priser SE1'!H:H,A5),0) | D5: =IFERROR(AVERAGEIFS(Beräkningar!E:E,Beräkningar!B:B,B5,Beräkningar!L:L,A5),0) | E5: 20.08 | F5: =IFERROR(MAXIFS(Beräkningar!E:E,Beräkningar!B:B,B5,Beräkningar!L:L,A5),0) | G5: =IFERROR(SUMIFS(Beräkningar!F:F,Beräkningar!B:B,B5,Beräkningar!L:L,A5),0) | H5: =IFERROR(SUMIFS(Beräkningar!G:G,Beräkningar!B:B,B5,Beräkningar!L:L,A5)/C5,0) | I5: =IFERROR(SUMIFS(Beräkningar!J:J,Beräkningar!B:B,B5,Beräkningar!L:L,A5),0) | J5: =IFERROR(SUMIFS(Beräkningar!K:K,Beräkningar!B:B,B5,Beräkningar!L:L,A5)/C5,0)
A6: 2025 | B6: SE1 | C6: =IFERROR(COUNTIFS('Priser SE1'!H:H,A6),0) | D6: =IFERROR(AVERAGEIFS(Beräkningar!E:E,Beräkningar!B:B,B6,Beräkningar!L:L,A6),0) | E6: 13.19 | F6: =IFERROR(MAXIFS(Beräkningar!E:E,Beräkningar!B:B,B6,Beräkningar!L:L,A6),0) | G6: =IFERROR(SUMIFS(Beräkningar!F:F,Beräkningar!B:B,B6,Beräkningar!L:L,A6),0) | H6: =IFERROR(SUMIFS(Beräkningar!G:G,Beräkningar!B:B,B6,Beräkningar!L:L,A6)/C6,0) | I6: =IFERROR(SUMIFS(Beräkningar!J:J,Beräkningar!B:B,B6,Beräkningar!L:L,A6),0) | J6: =IFERROR(SUMIFS(Beräkningar!K:K,Beräkningar!B:B,B6,Beräkningar!L:L,A6)/C6,0)
A7: 2026 | B7: SE1 | C7: =IFERROR(COUNTIFS('Priser SE1'!H:H,A7),0) | D7: =IFERROR(AVERAGEIFS(Beräkningar!E:E,Beräkningar!B:B,B7,Beräkningar!L:L,A7),0) | E7: 43.53 | F7: =IFERROR(MAXIFS(Beräkningar!E:E,Beräkningar!B:B,B7,Beräkningar!L:L,A7),0) | G7: =IFERROR(SUMIFS(Beräkningar!F:F,Beräkningar!B:B,B7,Beräkningar!L:L,A7),0) | H7: =IFERROR(SUMIFS(Beräkningar!G:G,Beräkningar!B:B,B7,Beräkningar!L:L,A7)/C7,0) | I7: =IFERROR(SUMIFS(Beräkningar!J:J,Beräkningar!B:B,B7,Beräkningar!L:L,A7),0) | J7: =IFERROR(SUMIFS(Beräkningar!K:K,Beräkningar!B:B,B7,Beräkningar!L:L,A7)/C7,0)
A8: 2021 | B8: SE2 | C8: =IFERROR(COUNTIFS('Priser SE2'!H:H,A8),0) | D8: =IFERROR(AVERAGEIFS(Beräkningar!E:E,Beräkningar!B:B,B8,Beräkningar!L:L,A8),0) | E8: 14.01 | F8: =IFERROR(MAXIFS(Beräkningar!E:E,Beräkningar!B:B,B8,Beräkningar!L:L,A8),0) | G8: =IFERROR(SUMIFS(Beräkningar!F:F,Beräkningar!B:B,B8,Beräkningar!L:L,A8),0) | H8: =IFERROR(SUMIFS(Beräkningar!G:G,Beräkningar!B:B,B8,Beräkningar!L:L,A8)/C8,0) | I8: =IFERROR(SUMIFS(Beräkningar!J:J,Beräkningar!B:B,B8,Beräkningar!L:L,A8),0) | J8: =IFERROR(SUMIFS(Beräkningar!K:K,Beräkningar!B:B,B8,Beräkningar!L:L,A8)/C8,0)
A9: 2022 | B9: SE2 | C9: =IFERROR(COUNTIFS('Priser SE2'!H:H,A9),0) | D9: =IFERROR(AVERAGEIFS(Beräkningar!E:E,Beräkningar!B:B,B9,Beräkningar!L:L,A9),0) | E9: 32.63 | F9: =IFERROR(MAXIFS(Beräkningar!E:E,Beräkningar!B:B,B9,Beräkningar!L:L,A9),0) | G9: =IFERROR(SUMIFS(Beräkningar!F:F,Beräkningar!B:B,B9,Beräkningar!L:L,A9),0) | H9: =IFERROR(SUMIFS(Beräkningar!G:G,Beräkningar!B:B,B9,Beräkningar!L:L,A9)/C9,0) | I9: =IFERROR(SUMIFS(Beräkningar!J:J,Beräkningar!B:B,B9,Beräkningar!L:L,A9),0) | J9: =IFERROR(SUMIFS(Beräkningar!K:K,Beräkningar!B:B,B9,Beräkningar!L:L,A9)/C9,0)
A10: 2023 | B10: SE2 | C10: =IFERROR(COUNTIFS('Priser SE2'!H:H,A10),0) | D10: =IFERROR(AVERAGEIFS(Beräkningar!E:E,Beräkningar!B:B,B10,Beräkningar!L:L,A10),0) | E10: 24.81 | F10: =IFERROR(MAXIFS(Beräkningar!E:E,Beräkningar!B:B,B10,Beräkningar!L:L,A10),0) | G10: =IFERROR(SUMIFS(Beräkningar!F:F,Beräkningar!B:B,B10,Beräkningar!L:L,A10),0) | H10: =IFERROR(SUMIFS(Beräkningar!G:G,Beräkningar!B:B,B10,Beräkningar!L:L,A10)/C10,0) | I10: =IFERROR(SUMIFS(Beräkningar!J:J,Beräkningar!B:B,B10,Beräkningar!L:L,A10),0) | J10: =IFERROR(SUMIFS(Beräkningar!K:K,Beräkningar!B:B,B10,Beräkningar!L:L,A10)/C10,0)
A11: 2024 | B11: SE2 | C11: =IFERROR(COUNTIFS('Priser SE2'!H:H,A11),0) | D11: =IFERROR(AVERAGEIFS(Beräkningar!E:E,Beräkningar!B:B,B11,Beräkningar!L:L,A11),0) | E11: 20.73 | F11: =IFERROR(MAXIFS(Beräkningar!E:E,Beräkningar!B:B,B11,Beräkningar!L:L,A11),0) | G11: =IFERROR(SUMIFS(Beräkningar!F:F,Beräkningar!B:B,B11,Beräkningar!L:L,A11),0) | H11: =IFERROR(SUMIFS(Beräkningar!G:G,Beräkningar!B:B,B11,Beräkningar!L:L,A11)/C11,0) | I11: =IFERROR(SUMIFS(Beräkningar!J:J,Beräkningar!B:B,B11,Beräkningar!L:L,A11),0) | J11: =IFERROR(SUMIFS(Beräkningar!K:K,Beräkningar!B:B,B11,Beräkningar!L:L,A11)/C11,0)
A12: 2025 | B12: SE2 | C12: =IFERROR(COUNTIFS('Priser SE2'!H:H,A12),0) | D12: =IFERROR(AVERAGEIFS(Beräkningar!E:E,Beräkningar!B:B,B12,Beräkningar!L:L,A12),0) | E12: 15.13 | F12: =IFERROR(MAXIFS(Beräkningar!E:E,Beräkningar!B:B,B12,Beräkningar!L:L,A12),0) | G12: =IFERROR(SUMIFS(Beräkningar!F:F,Beräkningar!B:B,B12,Beräkningar!L:L,A12),0) | H12: =IFERROR(SUMIFS(Beräkningar!G:G,Beräkningar!B:B,B12,Beräkningar!L:L,A12)/C12,0) | I12: =IFERROR(SUMIFS(Beräkningar!J:J,Beräkningar!B:B,B12,Beräkningar!L:L,A12),0) | J12: =IFERROR(SUMIFS(Beräkningar!K:K,Beräkningar!B:B,B12,Beräkningar!L:L,A12)/C12,0)
A13: 2026 | B13: SE2 | C13: =IFERROR(COUNTIFS('Priser SE2'!H:H,A13),0) | D13: =IFERROR(AVERAGEIFS(Beräkningar!E:E,Beräkningar!B:B,B13,Beräkningar!L:L,A13),0) | E13: 43.53 | F13: =IFERROR(MAXIFS(Beräkningar!E:E,Beräkningar!B:B,B13,Beräkningar!L:L,A13),0) | G13: =IFERROR(SUMIFS(Beräkningar!F:F,Beräkningar!B:B,B13,Beräkningar!L:L,A13),0) | H13: =IFERROR(SUMIFS(Beräkningar!G:G,Beräkningar!B:B,B13,Beräkningar!L:L,A13)/C13,0) | I13: =IFERROR(SUMIFS(Beräkningar!J:J,Beräkningar!B:B,B13,Beräkningar!L:L,A13),0) | J13: =IFERROR(SUMIFS(Beräkningar!K:K,Beräkningar!B:B,B13,Beräkningar!L:L,A13)/C13,0)
A14: 2021 | B14: SE3 | C14: =IFERROR(COUNTIFS('Priser SE3'!H:H,A14),0) | D14: =IFERROR(AVERAGEIFS(Beräkningar!E:E,Beräkningar!B:B,B14,Beräkningar!L:L,A14),0) | E14: 136.96 | F14: =IFERROR(MAXIFS(Beräkningar!E:E,Beräkningar!B:B,B14,Beräkningar!L:L,A14),0) | G14: =IFERROR(SUMIFS(Beräkningar!F:F,Beräkningar!B:B,B14,Beräkningar!L:L,A14),0) | H14: =IFERROR(SUMIFS(Beräkningar!G:G,Beräkningar!B:B,B14,Beräkningar!L:L,A14)/C14,0) | I14: =IFERROR(SUMIFS(Beräkningar!J:J,Beräkningar!B:B,B14,Beräkningar!L:L,A14),0) | J14: =IFERROR(SUMIFS(Beräkningar!K:K,Beräkningar!B:B,B14,Beräkningar!L:L,A14)/C14,0)
A15: 2022 | B15: SE3 | C15: =IFERROR(COUNTIFS('Priser SE3'!H:H,A15),0) | D15: =IFERROR(AVERAGEIFS(Beräkningar!E:E,Beräkningar!B:B,B15,Beräkningar!L:L,A15),0) | E15: 156.8 | F15: =IFERROR(MAXIFS(Beräkningar!E:E,Beräkningar!B:B,B15,Beräkningar!L:L,A15),0) | G15: =IFERROR(SUMIFS(Beräkningar!F:F,Beräkningar!B:B,B15,Beräkningar!L:L,A15),0) | H15: =IFERROR(SUMIFS(Beräkningar!G:G,Beräkningar!B:B,B15,Beräkningar!L:L,A15)/C15,0) | I15: =IFERROR(SUMIFS(Beräkningar!J:J,Beräkningar!B:B,B15,Beräkningar!L:L,A15),0) | J15: =IFERROR(SUMIFS(Beräkningar!K:K,Beräkningar!B:B,B15,Beräkningar!L:L,A15)/C15,0)
A16: 2023 | B16: SE3 | C16: =IFERROR(COUNTIFS('Priser SE3'!H:H,A16),0) | D16: =IFERROR(AVERAGEIFS(Beräkningar!E:E,Beräkningar!B:B,B16,Beräkningar!L:L,A16),0) | E16: 55.2 | F16: =IFERROR(MAXIFS(Beräkningar!E:E,Beräkningar!B:B,B16,Beräkningar!L:L,A16),0) | G16: =IFERROR(SUMIFS(Beräkningar!F:F,Beräkningar!B:B,B16,Beräkningar!L:L,A16),0) | H16: =IFERROR(SUMIFS(Beräkningar!G:G,Beräkningar!B:B,B16,Beräkningar!L:L,A16)/C16,0) | I16: =IFERROR(SUMIFS(Beräkningar!J:J,Beräkningar!B:B,B16,Beräkningar!L:L,A16),0) | J16: =IFERROR(SUMIFS(Beräkningar!K:K,Beräkningar!B:B,B16,Beräkningar!L:L,A16)/C16,0)
A17: 2024 | B17: SE3 | C17: =IFERROR(COUNTIFS('Priser SE3'!H:H,A17),0) | D17: =IFERROR(AVERAGEIFS(Beräkningar!E:E,Beräkningar!B:B,B17,Beräkningar!L:L,A17),0) | E17: 37.03 | F17: =IFERROR(MAXIFS(Beräkningar!E:E,Beräkningar!B:B,B17,Beräkningar!L:L,A17),0) | G17: =IFERROR(SUMIFS(Beräkningar!F:F,Beräkningar!B:B,B17,Beräkningar!L:L,A17),0) | H17: =IFERROR(SUMIFS(Beräkningar!G:G,Beräkningar!B:B,B17,Beräkningar!L:L,A17)/C17,0) | I17: =IFERROR(SUMIFS(Beräkningar!J:J,Beräkningar!B:B,B17,Beräkningar!L:L,A17),0) | J17: =IFERROR(SUMIFS(Beräkningar!K:K,Beräkningar!B:B,B17,Beräkningar!L:L,A17)/C17,0)
A18: 2025 | B18: SE3 | C18: =IFERROR(COUNTIFS('Priser SE3'!H:H,A18),0) | D18: =IFERROR(AVERAGEIFS(Beräkningar!E:E,Beräkningar!B:B,B18,Beräkningar!L:L,A18),0) | E18: 64.18 | F18: =IFERROR(MAXIFS(Beräkningar!E:E,Beräkningar!B:B,B18,Beräkningar!L:L,A18),0) | G18: =IFERROR(SUMIFS(Beräkningar!F:F,Beräkningar!B:B,B18,Beräkningar!L:L,A18),0) | H18: =IFERROR(SUMIFS(Beräkningar!G:G,Beräkningar!B:B,B18,Beräkningar!L:L,A18)/C18,0) | I18: =IFERROR(SUMIFS(Beräkningar!J:J,Beräkningar!B:B,B18,Beräkningar!L:L,A18),0) | J18: =IFERROR(SUMIFS(Beräkningar!K:K,Beräkningar!B:B,B18,Beräkningar!L:L,A18)/C18,0)
A19: 2026 | B19: SE3 | C19: =IFERROR(COUNTIFS('Priser SE3'!H:H,A19),0) | D19: =IFERROR(AVERAGEIFS(Beräkningar!E:E,Beräkningar!B:B,B19,Beräkningar!L:L,A19),0) | E19: 67.54 | F19: =IFERROR(MAXIFS(Beräkningar!E:E,Beräkningar!B:B,B19,Beräkningar!L:L,A19),0) | G19: =IFERROR(SUMIFS(Beräkningar!F:F,Beräkningar!B:B,B19,Beräkningar!L:L,A19),0) | H19: =IFERROR(SUMIFS(Beräkningar!G:G,Beräkningar!B:B,B19,Beräkningar!L:L,A19)/C19,0) | I19: =IFERROR(SUMIFS(Beräkningar!J:J,Beräkningar!B:B,B19,Beräkningar!L:L,A19),0) | J19: =IFERROR(SUMIFS(Beräkningar!K:K,Beräkningar!B:B,B19,Beräkningar!L:L,A19)/C19,0)
A20: 2021 | B20: SE4 | C20: =IFERROR(COUNTIFS('Priser SE4'!H:H,A20),0) | D20: =IFERROR(AVERAGEIFS(Beräkningar!E:E,Beräkningar!B:B,B20,Beräkningar!L:L,A20),0) | E20: 157.89 | F20: =IFERROR(MAXIFS(Beräkningar!E:E,Beräkningar!B:B,B20,Beräkningar!L:L,A20),0) | G20: =IFERROR(SUMIFS(Beräkningar!F:F,Beräkningar!B:B,B20,Beräkningar!L:L,A20),0) | H20: =IFERROR(SUMIFS(Beräkningar!G:G,Beräkningar!B:B,B20,Beräkningar!L:L,A20)/C20,0) | I20: =IFERROR(SUMIFS(Beräkningar!J:J,Beräkningar!B:B,B20,Beräkningar!L:L,A20),0) | J20: =IFERROR(SUMIFS(Beräkningar!K:K,Beräkningar!B:B,B20,Beräkningar!L:L,A20)/C20,0)
A21: 2022 | B21: SE4 | C21: =IFERROR(COUNTIFS('Priser SE4'!H:H,A21),0) | D21: =IFERROR(AVERAGEIFS(Beräkningar!E:E,Beräkningar!B:B,B21,Beräkningar!L:L,A21),0) | E21: 168.35 | F21: =IFERROR(MAXIFS(Beräkningar!E:E,Beräkningar!B:B,B21,Beräkningar!L:L,A21),0) | G21: =IFERROR(SUMIFS(Beräkningar!F:F,Beräkningar!B:B,B21,Beräkningar!L:L,A21),0) | H21: =IFERROR(SUMIFS(Beräkningar!G:G,Beräkningar!B:B,B21,Beräkningar!L:L,A21)/C21,0) | I21: =IFERROR(SUMIFS(Beräkningar!J:J,Beräkningar!B:B,B21,Beräkningar!L:L,A21),0) | J21: =IFERROR(SUMIFS(Beräkningar!K:K,Beräkningar!B:B,B21,Beräkningar!L:L,A21)/C21,0)
A22: 2023 | B22: SE4 | C22: =IFERROR(COUNTIFS('Priser SE4'!H:H,A22),0) | D22: =IFERROR(AVERAGEIFS(Beräkningar!E:E,Beräkningar!B:B,B22,Beräkningar!L:L,A22),0) | E22: 81.3 | F22: =IFERROR(MAXIFS(Beräkningar!E:E,Beräkningar!B:B,B22,Beräkningar!L:L,A22),0) | G22: =IFERROR(SUMIFS(Beräkningar!F:F,Beräkningar!B:B,B22,Beräkningar!L:L,A22),0) | H22: =IFERROR(SUMIFS(Beräkningar!G:G,Beräkningar!B:B,B22,Beräkningar!L:L,A22)/C22,0) | I22: =IFERROR(SUMIFS(Beräkningar!J:J,Beräkningar!B:B,B22,Beräkningar!L:L,A22),0) | J22: =IFERROR(SUMIFS(Beräkningar!K:K,Beräkningar!B:B,B22,Beräkningar!L:L,A22)/C22,0)
A23: 2024 | B23: SE4 | C23: =IFERROR(COUNTIFS('Priser SE4'!H:H,A23),0) | D23: =IFERROR(AVERAGEIFS(Beräkningar!E:E,Beräkningar!B:B,B23,Beräkningar!L:L,A23),0) | E23: 71.01 | F23: =IFERROR(MAXIFS(Beräkningar!E:E,Beräkningar!B:B,B23,Beräkningar!L:L,A23),0) | G23: =IFERROR(SUMIFS(Beräkningar!F:F,Beräkningar!B:B,B23,Beräkningar!L:L,A23),0) | H23: =IFERROR(SUMIFS(Beräkningar!G:G,Beräkningar!B:B,B23,Beräkningar!L:L,A23)/C23,0) | I23: =IFERROR(SUMIFS(Beräkningar!J:J,Beräkningar!B:B,B23,Beräkningar!L:L,A23),0) | J23: =IFERROR(SUMIFS(Beräkningar!K:K,Beräkningar!B:B,B23,Beräkningar!L:L,A23)/C23,0)
A24: 2025 | B24: SE4 | C24: =IFERROR(COUNTIFS('Priser SE4'!H:H,A24),0) | D24: =IFERROR(AVERAGEIFS(Beräkningar!E:E,Beräkningar!B:B,B24,Beräkningar!L:L,A24),0) | E24: 92.75 | F24: =IFERROR(MAXIFS(Beräkningar!E:E,Beräkningar!B:B,B24,Beräkningar!L:L,A24),0) | G24: =IFERROR(SUMIFS(Beräkningar!F:F,Beräkningar!B:B,B24,Beräkningar!L:L,A24),0) | H24: =IFERROR(SUMIFS(Beräkningar!G:G,Beräkningar!B:B,B24,Beräkningar!L:L,A24)/C24,0) | I24: =IFERROR(SUMIFS(Beräkningar!J:J,Beräkningar!B:B,B24,Beräkningar!L:L,A24),0) | J24: =IFERROR(SUMIFS(Beräkningar!K:K,Beräkningar!B:B,B24,Beräkningar!L:L,A24)/C24,0)
A25: 2026 | B25: SE4 | C25: =IFERROR(COUNTIFS('Priser SE4'!H:H,A25),0) | D25: =IFERROR(AVERAGEIFS(Beräkningar!E:E,Beräkningar!B:B,B25,Beräkningar!L:L,A25),0) | E25: 71.01 | F25: =IFERROR(MAXIFS(Beräkningar!E:E,Beräkningar!B:B,B25,Beräkningar!L:L,A25),0) | G25: =IFERROR(SUMIFS(Beräkningar!F:F,Beräkningar!B:B,B25,Beräkningar!L:L,A25),0) | H25: =IFERROR(SUMIFS(Beräkningar!G:G,Beräkningar!B:B,B25,Beräkningar!L:L,A25)/C25,0) | I25: =IFERROR(SUMIFS(Beräkningar!J:J,Beräkningar!B:B,B25,Beräkningar!L:L,A25),0) | J25: =IFERROR(SUMIFS(Beräkningar!K:K,Beräkningar!B:B,B25,Beräkningar!L:L,A25)/C25,0)

Sheet Zonöversikt
A1: ÅRLIG ÖVERSIKT PER ZON
A2: Revenue i EUR/MW kapacitet per år
A4: Revenue 1-Cycle (EUR/MW/år)
A5: År | B5: SE1 | C5: SE2 | D5: SE3 | E5: SE4
A6: 2021 | B6: =IFERROR(SUMIFS(Beräkningar!F:F,Beräkningar!B:B,"SE1",Beräkningar!L:L,A6),0) | C6: =IFERROR(SUMIFS(Beräkningar!F:F,Beräkningar!B:B,"SE2",Beräkningar!L:L,A6),0) | D6: =IFERROR(SUMIFS(Beräkningar!F:F,Beräkningar!B:B,"SE3",Beräkningar!L:L,A6),0) | E6: =IFERROR(SUMIFS(Beräkningar!F:F,Beräkningar!B:B,"SE4",Beräkningar!L:L,A6),0)
A7: 2022 | B7: =IFERROR(SUMIFS(Beräkningar!F:F,Beräkningar!B:B,"SE1",Beräkningar!L:L,A7),0) | C7: =IFERROR(SUMIFS(Beräkningar!F:F,Beräkningar!B:B,"SE2",Beräkningar!L:L,A7),0) | D7: =IFERROR(SUMIFS(Beräkningar!F:F,Beräkningar!B:B,"SE3",Beräkningar!L:L,A7),0) | E7: =IFERROR(SUMIFS(Beräkningar!F:F,Beräkningar!B:B,"SE4",Beräkningar!L:L,A7),0)
A8: 2023 | B8: =IFERROR(SUMIFS(Beräkningar!F:F,Beräkningar!B:B,"SE1",Beräkningar!L:L,A8),0) | C8: =IFERROR(SUMIFS(Beräkningar!F:F,Beräkningar!B:B,"SE2",Beräkningar!L:L,A8),0) | D8: =IFERROR(SUMIFS(Beräkningar!F:F,Beräkningar!B:B,"SE3",Beräkningar!L:L,A8),0) | E8: =IFERROR(SUMIFS(Beräkningar!F:F,Beräkningar!B:B,"SE4",Beräkningar!L:L,A8),0)
A9: 2024 | B9: =IFERROR(SUMIFS(Beräkningar!F:F,Beräkningar!B:B,"SE1",Beräkningar!L:L,A9),0) | C9: =IFERROR(SUMIFS(Beräkningar!F:F,Beräkningar!B:B,"SE2",Beräkningar!L:L,A9),0) | D9: =IFERROR(SUMIFS(Beräkningar!F:F,Beräkningar!B:B,"SE3",Beräkningar!L:L,A9),0) | E9: =IFERROR(SUMIFS(Beräkningar!F:F,Beräkningar!B:B,"SE4",Beräkningar!L:L,A9),0)
A10: 2025 | B10: =IFERROR(SUMIFS(Beräkningar!F:F,Beräkningar!B:B,"SE1",Beräkningar!L:L,A10),0) | C10: =IFERROR(SUMIFS(Beräkningar!F:F,Beräkningar!B:B,"SE2",Beräkningar!L:L,A10),0) | D10: =IFERROR(SUMIFS(Beräkningar!F:F,Beräkningar!B:B,"SE3",Beräkningar!L:L,A10),0) | E10: =IFERROR(SUMIFS(Beräkningar!F:F,Beräkningar!B:B,"SE4",Beräkningar!L:L,A10),0)
A11: 2026 | B11: =IFERROR(SUMIFS(Beräkningar!F:F,Beräkningar!B:B,"SE1",Beräkningar!L:L,A11),0) | C11: =IFERROR(SUMIFS(Beräkningar!F:F,Beräkningar!B:B,"SE2",Beräkningar!L:L,A11),0) | D11: =IFERROR(SUMIFS(Beräkningar!F:F,Beräkningar!B:B,"SE3",Beräkningar!L:L,A11),0) | E11: =IFERROR(SUMIFS(Beräkningar!F:F,Beräkningar!B:B,"SE4",Beräkningar!L:L,A11),0)
A13: Revenue 2-Cycle (EUR/MW/år)
A14: År | B14: SE1 | C14: SE2 | D14: SE3 | E14: SE4
A15: 2021 | B15: =IFERROR(SUMIFS(Beräkningar!J:J,Beräkningar!B:B,"SE1",Beräkningar!L:L,A15),0) | C15: =IFERROR(SUMIFS(Beräkningar!J:J,Beräkningar!B:B,"SE2",Beräkningar!L:L,A15),0) | D15: =IFERROR(SUMIFS(Beräkningar!J:J,Beräkningar!B:B,"SE3",Beräkningar!L:L,A15),0) | E15: =IFERROR(SUMIFS(Beräkningar!J:J,Beräkningar!B:B,"SE4",Beräkningar!L:L,A15),0)
A16: 2022 | B16: =IFERROR(SUMIFS(Beräkningar!J:J,Beräkningar!B:B,"SE1",Beräkningar!L:L,A16),0) | C16: =IFERROR(SUMIFS(Beräkningar!J:J,Beräkningar!B:B,"SE2",Beräkningar!L:L,A16),0) | D16: =IFERROR(SUMIFS(Beräkningar!J:J,Beräkningar!B:B,"SE3",Beräkningar!L:L,A16),0) | E16: =IFERROR(SUMIFS(Beräkningar!J:J,Beräkningar!B:B,"SE4",Beräkningar!L:L,A16),0)
A17: 2023 | B17: =IFERROR(SUMIFS(Beräkningar!J:J,Beräkningar!B:B,"SE1",Beräkningar!L:L,A17),0) | C17: =IFERROR(SUMIFS(Beräkningar!J:J,Beräkningar!B:B,"SE2",Beräkningar!L:L,A17),0) | D17: =IFERROR(SUMIFS(Beräkningar!J:J,Beräkningar!B:B,"SE3",Beräkningar!L:L,A17),0) | E17: =IFERROR(SUMIFS(Beräkningar!J:J,Beräkningar!B:B,"SE4",Beräkningar!L:L,A17),0)
A18: 2024 | B18: =IFERROR(SUMIFS(Beräkningar!J:J,Beräkningar!B:B,"SE1",Beräkningar!L:L,A18),0) | C18: =IFERROR(SUMIFS(Beräkningar!J:J,Beräkningar!B:B,"SE2",Beräkningar!L:L,A18),0) | D18: =IFERROR(SUMIFS(Beräkningar!J:J,Beräkningar!B:B,"SE3",Beräkningar!L:L,A18),0) | E18: =IFERROR(SUMIFS(Beräkningar!J:J,Beräkningar!B:B,"SE4",Beräkningar!L:L,A18),0)
A19: 2025 | B19: =IFERROR(SUMIFS(Beräkningar!J:J,Beräkningar!B:B,"SE1",Beräkningar!L:L,A19),0) | C19: =IFERROR(SUMIFS(Beräkningar!J:J,Beräkningar!B:B,"SE2",Beräkningar!L:L,A19),0) | D19: =IFERROR(SUMIFS(Beräkningar!J:J,Beräkningar!B:B,"SE3",Beräkningar!L:L,A19),0) | E19: =IFERROR(SUMIFS(Beräkningar!J:J,Beräkningar!B:B,"SE4",Beräkningar!L:L,A19),0)
A20: 2026 | B20: =IFERROR(SUMIFS(Beräkningar!J:J,Beräkningar!B:B,"SE1",Beräkningar!L:L,A20),0) | C20: =IFERROR(SUMIFS(Beräkningar!J:J,Beräkningar!B:B,"SE2",Beräkningar!L:L,A20),0) | D20: =IFERROR(SUMIFS(Beräkningar!J:J,Beräkningar!B:B,"SE3",Beräkningar!L:L,A20),0) | E20: =IFERROR(SUMIFS(Beräkningar!J:J,Beräkningar!B:B,"SE4",Beräkningar!L:L,A20),0)
A22: Genomsnittlig Spread (EUR/MWh)
A23: År | B23: SE1 | C23: SE2 | D23: SE3 | E23: SE4
A24: 2021 | B24: =IFERROR(AVERAGEIFS(Beräkningar!E:E,Beräkningar!B:B,"SE1",Beräkningar!L:L,A24),0) | C24: =IFERROR(AVERAGEIFS(Beräkningar!E:E,Beräkningar!B:B,"SE2",Beräkningar!L:L,A24),0) | D24: =IFERROR(AVERAGEIFS(Beräkningar!E:E,Beräkningar!B:B,"SE3",Beräkningar!L:L,A24),0) | E24: =IFERROR(AVERAGEIFS(Beräkningar!E:E,Beräkningar!B:B,"SE4",Beräkningar!L:L,A24),0)
A25: 2022 | B25: =IFERROR(AVERAGEIFS(Beräkningar!E:E,Beräkningar!B:B,"SE1",Beräkningar!L:L,A25),0) | C25: =IFERROR(AVERAGEIFS(Beräkningar!E:E,Beräkningar!B:B,"SE2",Beräkningar!L:L,A25),0) | D25: =IFERROR(AVERAGEIFS(Beräkningar!E:E,Beräkningar!B:B,"SE3",Beräkningar!L:L,A25),0) | E25: =IFERROR(AVERAGEIFS(Beräkningar!E:E,Beräkningar!B:B,"SE4",Beräkningar!L:L,A25),0)
A26: 2023 | B26: =IFERROR(AVERAGEIFS(Beräkningar!E:E,Beräkningar!B:B,"SE1",Beräkningar!L:L,A26),0) | C26: =IFERROR(AVERAGEIFS(Beräkningar!E:E,Beräkningar!B:B,"SE2",Beräkningar!L:L,A26),0) | D26: =IFERROR(AVERAGEIFS(Beräkningar!E:E,Beräkningar!B:B,"SE3",Beräkningar!L:L,A26),0) | E26: =IFERROR(AVERAGEIFS(Beräkningar!E:E,Beräkningar!B:B,"SE4",Beräkningar!L:L,A26),0)
A27: 2024 | B27: =IFERROR(AVERAGEIFS(Beräkningar!E:E,Beräkningar!B:B,"SE1",Beräkningar!L:L,A27),0) | C27: =IFERROR(AVERAGEIFS(Beräkningar!E:E,Beräkningar!B:B,"SE2",Beräkningar!L:L,A27),0) | D27: =IFERROR(AVERAGEIFS(Beräkningar!E:E,Beräkningar!B:B,"SE3",Beräkningar!L:L,A27),0) | E27: =IFERROR(AVERAGEIFS(Beräkningar!E:E,Beräkningar!B:B,"SE4",Beräkningar!L:L,A27),0)
A28: 2025 | B28: =IFERROR(AVERAGEIFS(Beräkningar!E:E,Beräkningar!B:B,"SE1",Beräkningar!L:L,A28),0) | C28: =IFERROR(AVERAGEIFS(Beräkningar!E:E,Beräkningar!B:B,"SE2",Beräkningar!L:L,A28),0) | D28: =IFERROR(AVERAGEIFS(Beräkningar!E:E,Beräkningar!B:B,"SE3",Beräkningar!L:L,A28),0) | E28: =IFERROR(AVERAGEIFS(Beräkningar!E:E,Beräkningar!B:B,"SE4",Beräkningar!L:L,A28),0)
A29: 2026 | B29: =IFERROR(AVERAGEIFS(Beräkningar!E:E,Beräkningar!B:B,"SE1",Beräkningar!L:L,A29),0) | C29: =IFERROR(AVERAGEIFS(Beräkningar!E:E,Beräkningar!B:B,"SE2",Beräkningar!L:L,A29),0) | D29: =IFERROR(AVERAGEIFS(Beräkningar!E:E,Beräkningar!B:B,"SE3",Beräkningar!L:L,A29),0) | E29: =IFERROR(AVERAGEIFS(Beräkningar!E:E,Beräkningar!B:B,"SE4",Beräkningar!L:L,A29),0)
A31: Median Spread (EUR/MWh)
A32: År | B32: SE1 | C32: SE2 | D32: SE3 | E32: SE4
A33: 2021 | B33: 14.01 | C33: 14.01 | D33: 136.96 | E33: 157.89
A34: 2022 | B34: 30.77 | C34: 32.63 | D34: 156.8 | E34: 168.35
A35: 2023 | B35: 24.81 | C35: 24.81 | D35: 55.2 | E35: 81.3
A36: 2024 | B36: 20.08 | C36: 20.73 | D36: 37.03 | E36: 71.01
A37: 2025 | B37: 13.19 | C37: 15.13 | D37: 64.18 | E37: 92.75
A38: 2026 | B38: 43.53 | C38: 43.53 | D38: 67.54 | E38: 71.01
A40: Profitable Days 1-Cycle (%)
A41: År | B41: SE1 | C41: SE2 | D41: SE3 | E41: SE4
A42: 2021 | B42: =IFERROR(IF(COUNTIFS(Beräkningar!B:B,"SE1",Beräkningar!L:L,A42)>0,SUMIFS(Beräkningar!G:G,Beräkningar!B:B,"SE1",Beräkningar!L:L,A42)/COUNTIFS(Beräkningar!B:B,"SE1",Beräkningar!L:L,A42),0),0) | C42: =IFERROR(IF(COUNTIFS(Beräkningar!B:B,"SE2",Beräkningar!L:L,A42)>0,SUMIFS(Beräkningar!G:G,Beräkningar!B:B,"SE2",Beräkningar!L:L,A42)/COUNTIFS(Beräkningar!B:B,"SE2",Beräkningar!L:L,A42),0),0) | D42: =IFERROR(IF(COUNTIFS(Beräkningar!B:B,"SE3",Beräkningar!L:L,A42)>0,SUMIFS(Beräkningar!G:G,Beräkningar!B:B,"SE3",Beräkningar!L:L,A42)/COUNTIFS(Beräkningar!B:B,"SE3",Beräkningar!L:L,A42),0),0) | E42: =IFERROR(IF(COUNTIFS(Beräkningar!B:B,"SE4",Beräkningar!L:L,A42)>0,SUMIFS(Beräkningar!G:G,Beräkningar!B:B,"SE4",Beräkningar!L:L,A42)/COUNTIFS(Beräkningar!B:B,"SE4",Beräkningar!L:L,A42),0),0)
A43: 2022 | B43: =IFERROR(IF(COUNTIFS(Beräkningar!B:B,"SE1",Beräkningar!L:L,A43)>0,SUMIFS(Beräkningar!G:G,Beräkningar!B:B,"SE1",Beräkningar!L:L,A43)/COUNTIFS(Beräkningar!B:B,"SE1",Beräkningar!L:L,A43),0),0) | C43: =IFERROR(IF(COUNTIFS(Beräkningar!B:B,"SE2",Beräkningar!L:L,A43)>0,SUMIFS(Beräkningar!G:G,Beräkningar!B:B,"SE2",Beräkningar!L:L,A43)/COUNTIFS(Beräkningar!B:B,"SE2",Beräkningar!L:L,A43),0),0) | D43: =IFERROR(IF(COUNTIFS(Beräkningar!B:B,"SE3",Beräkningar!L:L,A43)>0,SUMIFS(Beräkningar!G:G,Beräkningar!B:B,"SE3",Beräkningar!L:L,A43)/COUNTIFS(Beräkningar!B:B,"SE3",Beräkningar!L:L,A43),0),0) | E43: =IFERROR(IF(COUNTIFS(Beräkningar!B:B,"SE4",Beräkningar!L:L,A43)>0,SUMIFS(Beräkningar!G:G,Beräkningar!B:B,"SE4",Beräkningar!L:L,A43)/COUNTIFS(Beräkningar!B:B,"SE4",Beräkningar!L:L,A43),0),0)
A44: 2023 | B44: =IFERROR(IF(COUNTIFS(Beräkningar!B:B,"SE1",Beräkningar!L:L,A44)>0,SUMIFS(Beräkningar!G:G,Beräkningar!B:B,"SE1",Beräkningar!L:L,A44)/COUNTIFS(Beräkningar!B:B,"SE1",Beräkningar!L:L,A44),0),0) | C44: =IFERROR(IF(COUNTIFS(Beräkningar!B:B,"SE2",Beräkningar!L:L,A44)>0,SUMIFS(Beräkningar!G:G,Beräkningar!B:B,"SE2",Beräkningar!L:L,A44)/COUNTIFS(Beräkningar!B:B,"SE2",Beräkningar!L:L,A44),0),0) | D44: =IFERROR(IF(COUNTIFS(Beräkningar!B:B,"SE3",Beräkningar!L:L,A44)>0,SUMIFS(Beräkningar!G:G,Beräkningar!B:B,"SE3",Beräkningar!L:L,A44)/COUNTIFS(Beräkningar!B:B,"SE3",Beräkningar!L:L,A44),0),0) | E44: =IFERROR(IF(COUNTIFS(Beräkningar!B:B,"SE4",Beräkningar!L:L,A44)>0,SUMIFS(Beräkningar!G:G,Beräkningar!B:B,"SE4",Beräkningar!L:L,A44)/COUNTIFS(Beräkningar!B:B,"SE4",Beräkningar!L:L,A44),0),0)
A45: 2024 | B45: =IFERROR(IF(COUNTIFS(Beräkningar!B:B,"SE1",Beräkningar!L:L,A45)>0,SUMIFS(Beräkningar!G:G,Beräkningar!B:B,"SE1",Beräkningar!L:L,A45)/COUNTIFS(Beräkningar!B:B,"SE1",Beräkningar!L:L,A45),0),0) | C45: =IFERROR(IF(COUNTIFS(Beräkningar!B:B,"SE2",Beräkningar!L:L,A45)>0,SUMIFS(Beräkningar!G:G,Beräkningar!B:B,"SE2",Beräkningar!L:L,A45)/COUNTIFS(Beräkningar!B:B,"SE2",Beräkningar!L:L,A45),0),0) | D45: =IFERROR(IF(COUNTIFS(Beräkningar!B:B,"SE3",Beräkningar!L:L,A45)>0,SUMIFS(Beräkningar!G:G,Beräkningar!B:B,"SE3",Beräkningar!L:L,A45)/COUNTIFS(Beräkningar!B:B,"SE3",Beräkningar!L:L,A45),0),0) | E45: =IFERROR(IF(COUNTIFS(Beräkningar!B:B,"SE4",Beräkningar!L:L,A45)>0,SUMIFS(Beräkningar!G:G,Beräkningar!B:B,"SE4",Beräkningar!L:L,A45)/COUNTIFS(Beräkningar!B:B,"SE4",Beräkningar!L:L,A45),0),0)
A46: 2025 | B46: =IFERROR(IF(COUNTIFS(Beräkningar!B:B,"SE1",Beräkningar!L:L,A46)>0,SUMIFS(Beräkningar!G:G,Beräkningar!B:B,"SE1",Beräkningar!L:L,A46)/COUNTIFS(Beräkningar!B:B,"SE1",Beräkningar!L:L,A46),0),0) | C46: =IFERROR(IF(COUNTIFS(Beräkningar!B:B,"SE2",Beräkningar!L:L,A46)>0,SUMIFS(Beräkningar!G:G,Beräkningar!B:B,"SE2",Beräkningar!L:L,A46)/COUNTIFS(Beräkningar!B:B,"SE2",Beräkningar!L:L,A46),0),0) | D46: =IFERROR(IF(COUNTIFS(Beräkningar!B:B,"SE3",Beräkningar!L:L,A46)>0,SUMIFS(Beräkningar!G:G,Beräkningar!B:B,"SE3",Beräkningar!L:L,A46)/COUNTIFS(Beräkningar!B:B,"SE3",Beräkningar!L:L,A46),0),0) | E46: =IFERROR(IF(COUNTIFS(Beräkningar!B:B,"SE4",Beräkningar!L:L,A46)>0,SUMIFS(Beräkningar!G:G,Beräkningar!B:B,"SE4",Beräkningar!L:L,A46)/COUNTIFS(Beräkningar!B:B,"SE4",Beräkningar!L:L,A46),0),0)
A47: 2026 | B47: =IFERROR(IF(COUNTIFS(Beräkningar!B:B,"SE1",Beräkningar!L:L,A47)>0,SUMIFS(Beräkningar!G:G,Beräkningar!B:B,"SE1",Beräkningar!L:L,A47)/COUNTIFS(Beräkningar!B:B,"SE1",Beräkningar!L:L,A47),0),0) | C47: =IFERROR(IF(COUNTIFS(Beräkningar!B:B,"SE2",Beräkningar!L:L,A47)>0,SUMIFS(Beräkningar!G:G,Beräkningar!B:B,"SE2",Beräkningar!L:L,A47)/COUNTIFS(Beräkningar!B:B,"SE2",Beräkningar!L:L,A47),0),0) | D47: =IFERROR(IF(COUNTIFS(Beräkningar!B:B,"SE3",Beräkningar!L:L,A47)>0,SUMIFS(Beräkningar!G:G,Beräkningar!B:B,"SE3",Beräkningar!L:L,A47)/COUNTIFS(Beräkningar!B:B,"SE3",Beräkningar!L:L,A47),0),0) | E47: =IFERROR(IF(COUNTIFS(Beräkningar!B:B,"SE4",Beräkningar!L:L,A47)>0,SUMIFS(Beräkningar!G:G,Beräkningar!B:B,"SE4",Beräkningar!L:L,A47)/COUNTIFS(Beräkningar!B:B,"SE4",Beräkningar!L:L,A47),0),0)

Sheet Hourly Profile
A1: Timme | B1: SE1 Avg EUR/MWh | C1: SE2 Avg EUR/MWh | D1: SE3 Avg EUR/MWh | E1: SE4 Avg EUR/MWh
A2: 00:00 | B2: 28.21 | C2: 28.78 | D2: 41.16 | E2: 58.35
A3: 01:00 | B3: 26.81 | C3: 27.31 | D3: 37.31 | E3: 52.85
A4: 02:00 | B4: 25.93 | C4: 26.43 | D4: 35.54 | E4: 50.47
A5: 03:00 | B5: 25.61 | C5: 26.1 | D5: 35.16 | E5: 49.22
A6: 04:00 | B6: 26.68 | C6: 27.07 | D6: 37.12 | E6: 51.64
A7: 05:00 | B7: 29.83 | C7: 30.31 | D7: 45.23 | E7: 60.29
A8: 06:00 | B8: 34.73 | C8: 35.07 | D8: 63.36 | E8: 84.81
A9: 07:00 | B9: 41.86 | C9: 42.6 | D9: 87.69 | E9: 110.01
A10: 08:00 | B10: 46.06 | C10: 47.22 | D10: 97.74 | E10: 115.76
A11: 09:00 | B11: 45.39 | C11: 46.26 | D11: 91.19 | E11: 105.03
A12: 10:00 | B12: 43.03 | C12: 43.72 | D12: 84.1 | E12: 93.92
A13: 11:00 | B13: 40.36 | C13: 41.06 | D13: 77.76 | E13: 86.01
... A25: 23:00 | B25: 28.76 | C25: 28.94 | D25: 44.57 | E25: 63.29
