Workbook

Sheet Summary
A1: BASELOAD PPA ANALYSIS: Solar + Wind + BESS
A2: Zone: SE3 | Year: 2024 | Profile: south_lundby + ENTSO-E wind
A4: INPUT PARAMETERS
A6: Solar Capacity (MW) | B6: 1
A7: Wind Capacity (MW) | B7: 1
A8: Baseload Target (%) | B8: 0.8
A9: BESS Round-Trip Efficiency | B9: 0.9
A10: BESS Initial SoC (%) | B10: 0.5
A12: CALCULATED PARAMETERS
A13: Solar Capacity Factor | C13: 0.1152
A14: Wind Capacity Factor | C14: 0.3000
A15: Combined Capacity Factor | C15: 0.2076
A16: Mean Production (MW) | C16: 0.4152
A17: Total Hours | C17: 8784
A18: Annual Production (MWh) | C18: 3647.2
A20: KEY RESULTS
A21: Baseload Level (MW) | C21: =C16*B8
A22: BESS Capacity Required (MWh) | C22: =MAX(Hourly!L:L)-MIN(Hourly!L:L)
A23: BESS Power Required (MW) | C23: =MAX(ABS(Hourly!K2:K8785))
A24: Deficit Hours | C24: =COUNTIF(Hourly!I:I,">0")
A25: Surplus Hours | C25: =COUNTIF(Hourly!J:J,">0")
A26: Deficit Hours % | C26: =C24/8784

Sheet Hourly
A1: Timestamp | B1: Month | C1: Day | D1: Hour | E1: Solar CF | F1: Wind CF | G1: Solar (MW) | H1: Wind (MW) | I1: Deficit (MW) | J1: Surplus (MW) | K1: BESS Flow (MW) | L1: BESS SoC (MWh) | M1: Total (MW) | N1: Baseload (MW) | O1: Net (MW)
A2: 45292 | B2: 1 | C2: 1 | D2: 0 | E2: 0 | F2: 0.46996168 | G2: =E2*Summary!$B$6 | H2: =F2*Summary!$B$7 | I2: =MAX(0,N2-M2) | J2: =MAX(0,M2-N2) | K2: =O2 | L2: =IF(K2>0,K2*Summary!$B$9,K2/Summary!$B$9) | M2: =G2+H2 | N2: =Summary!$C$16*Summary!$B$8 | O2: =M2-N2
A3: 45292.042 | B3: 1 | C3: 1 | D3: 1 | E3: 0 | F3: 0.44086907 | G3: =E3*Summary!$B$6 | H3: =F3*Summary!$B$7 | I3: =MAX(0,N3-M3) | J3: =MAX(0,M3-N3) | K3: =O3 | L3: =L2+IF(K3>0,K3*Summary!$B$9,K3/Summary!$B$9) | M3: =G3+H3 | N3: =Summary!$C$16*Summary!$B$8 | O3: =M3-N3
A4: 45292.083 | B4: 1 | C4: 1 | D4: 2 | E4: 0 | F4: 0.43093436 | G4: =E4*Summary!$B$6 | H4: =F4*Summary!$B$7 | I4: =MAX(0,N4-M4) | J4: =MAX(0,M4-N4) | K4: =O4 | L4: =L3+IF(K4>0,K4*Summary!$B$9,K4/Summary!$B$9) | M4: =G4+H4 | N4: =Summary!$C$16*Summary!$B$8 | O4: =M4-N4
A5: 45292.125 | B5: 1 | C5: 1 | D5: 3 | E5: 0 | F5: 0.4197084 | G5: =E5*Summary!$B$6 | H5: =F5*Summary!$B$7 | I5: =MAX(0,N5-M5) | J5: =MAX(0,M5-N5) | K5: =O5 | L5: =L4+IF(K5>0,K5*Summary!$B$9,K5/Summary!$B$9) | M5: =G5+H5 | N5: =Summary!$C$16*Summary!$B$8 | O5: =M5-N5
A6: 45292.167 | B6: 1 | C6: 1 | D6: 4 | E6: 0 | F6: 0.41030074 | G6: =E6*Summary!$B$6 | H6: =F6*Summary!$B$7 | I6: =MAX(0,N6-M6) | J6: =MAX(0,M6-N6) | K6: =O6 | L6: =L5+IF(K6>0,K6*Summary!$B$9,K6/Summary!$B$9) | M6: =G6+H6 | N6: =Summary!$C$16*Summary!$B$8 | O6: =M6-N6
A7: 45292.208 | B7: 1 | C7: 1 | D7: 5 | E7: 0 | F7: 0.40376544 | G7: =E7*Summary!$B$6 | H7: =F7*Summary!$B$7 | I7: =MAX(0,N7-M7) | J7: =MAX(0,M7-N7) | K7: =O7 | L7: =L6+IF(K7>0,K7*Summary!$B$9,K7/Summary!$B$9) | M7: =G7+H7 | N7: =Summary!$C$16*Summary!$B$8 | O7: =M7-N7
A8: 45292.25 | B8: 1 | C8: 1 | D8: 6 | E8: 0 | F8: 0.39838963 | G8: =E8*Summary!$B$6 | H8: =F8*Summary!$B$7 | I8: =MAX(0,N8-M8) | J8: =MAX(0,M8-N8) | K8: =O8 | L8: =L7+IF(K8>0,K8*Summary!$B$9,K8/Summary!$B$9) | M8: =G8+H8 | N8: =Summary!$C$16*Summary!$B$8 | O8: =M8-N8
A9: 45292.292 | B9: 1 | C9: 1 | D9: 7 | E9: 0 | F9: 0.39053673 | G9: =E9*Summary!$B$6 | H9: =F9*Summary!$B$7 | I9: =MAX(0,N9-M9) | J9: =MAX(0,M9-N9) | K9: =O9 | L9: =L8+IF(K9>0,K9*Summary!$B$9,K9/Summary!$B$9) | M9: =G9+H9 | N9: =Summary!$C$16*Summary!$B$8 | O9: =M9-N9
A10: 45292.333 | B10: 1 | C10: 1 | D10: 8 | E10: 0 | F10: 0.38365886 | G10: =E10*Summary!$B$6 | H10: =F10*Summary!$B$7 | I10: =MAX(0,N10-M10) | J10: =MAX(0,M10-N10) | K10: =O10 | L10: =L9+IF(K10>0,K10*Summary!$B$9,K10/Summary!$B$9) | M10: =G10+H10 | N10: =Summary!$C$16*Summary!$B$8 | O10: =M10-N10
A11: 45292.375 | B11: 1 | C11: 1 | D11: 9 | E11: 0.030882 | F11: 0.37946889 | G11: =E11*Summary!$B$6 | H11: =F11*Summary!$B$7 | I11: =MAX(0,N11-M11) | J11: =MAX(0,M11-N11) | K11: =O11 | L11: =L10+IF(K11>0,K11*Summary!$B$9,K11/Summary!$B$9) | M11: =G11+H11 | N11: =Summary!$C$16*Summary!$B$8 | O11: =M11-N11
A12: 45292.417 | B12: 1 | C12: 1 | D12: 10 | E12: 0.119721 | F12: 0.37490999 | G12: =E12*Summary!$B$6 | H12: =F12*Summary!$B$7 | I12: =MAX(0,N12-M12) | J12: =MAX(0,M12-N12) | K12: =O12 | L12: =L11+IF(K12>0,K12*Summary!$B$9,K12/Summary!$B$9) | M12: =G12+H12 | N12: =Summary!$C$16*Summary!$B$8 | O12: =M12-N12
A13: 45292.458 | B13: 1 | C13: 1 | D13: 11 | E13: 0.180765 | F13: 0.36505434 | G13: =E13*Summary!$B$6 | H13: =F13*Summary!$B$7 | I13: =MAX(0,N13-M13) | J13: =MAX(0,M13-N13) | K13: =O13 | L13: =L12+IF(K13>0,K13*Summary!$B$9,K13/Summary!$B$9) | M13: =G13+H13 | N13: =Summary!$C$16*Summary!$B$8 | O13: =M13-N13
A14: 45292.5 | B14: 1 | C14: 1 | D14: 12 | E14: 0.196728 | F14: 0.35351216 | G14: =E14*Summary!$B$6 | H14: =F14*Summary!$B$7 | I14: =MAX(0,N14-M14) | J14: =MAX(0,M14-N14) | K14: =O14 | L14: =L13+IF(K14>0,K14*Summary!$B$9,K14/Summary!$B$9) | M14: =G14+H14 | N14: =Summary!$C$16*Summary!$B$8 | O14: =M14-N14
... A8785: 45657.958 | B8785: 12 | C8785: 31 | D8785: 23 | E8785: 0 | F8785: 0.46408518 | G8785: =E8785*Summary!$B$6 | H8785: =F8785*Summary!$B$7 | I8785: =MAX(0,N8785-M8785) | J8785: =MAX(0,M8785-N8785) | K8785: =O8785 | L8785: =L8784+IF(K8785>0,K8785*Summary!$B$9,K8785/Summary!$B$9) | M8785: =G8785+H8785 | N8785: =Summary!$C$16*Summary!$B$8 | O8785: =M8785-N8785

Sheet Monthly
A1: Month | B1: Month Name | C1: Hours | D1: Solar CF | E1: Wind CF | F1: Solar (MWh) | G1: Wind (MWh) | H1: Total (MWh) | I1: Deficit Hours | J1: Deficit (MWh) | K1: Surplus (MWh) | L1: Max Deficit (MW) | M1: Max SoC (MWh) | N1: Min SoC (MWh)
A2: 1 | B2: Jan | C2: =COUNTIF(Hourly!B:B,1) | D2: =AVERAGEIF(Hourly!B:B,1,Hourly!E:E) | E2: =AVERAGEIF(Hourly!B:B,1,Hourly!F:F) | F2: =SUMIF(Hourly!B:B,1,Hourly!G:G) | G2: =SUMIF(Hourly!B:B,1,Hourly!H:H) | H2: =F2+G2 | I2: =COUNTIFS(Hourly!B:B,1,Hourly!I:I,">0") | J2: =SUMIF(Hourly!B:B,1,Hourly!I:I) | K2: =SUMIF(Hourly!B:B,1,Hourly!J:J) | L2: =MAXIFS(Hourly!I:I,Hourly!B:B,1) | M2: =MAXIFS(Hourly!L:L,Hourly!B:B,1) | N2: =MINIFS(Hourly!L:L,Hourly!B:B,1)
A3: 2 | B3: Feb | C3: =COUNTIF(Hourly!B:B,2) | D3: =AVERAGEIF(Hourly!B:B,2,Hourly!E:E) | E3: =AVERAGEIF(Hourly!B:B,2,Hourly!F:F) | F3: =SUMIF(Hourly!B:B,2,Hourly!G:G) | G3: =SUMIF(Hourly!B:B,2,Hourly!H:H) | H3: =F3+G3 | I3: =COUNTIFS(Hourly!B:B,2,Hourly!I:I,">0") | J3: =SUMIF(Hourly!B:B,2,Hourly!I:I) | K3: =SUMIF(Hourly!B:B,2,Hourly!J:J) | L3: =MAXIFS(Hourly!I:I,Hourly!B:B,2) | M3: =MAXIFS(Hourly!L:L,Hourly!B:B,2) | N3: =MINIFS(Hourly!L:L,Hourly!B:B,2)
A4: 3 | B4: Mar | C4: =COUNTIF(Hourly!B:B,3) | D4: =AVERAGEIF(Hourly!B:B,3,Hourly!E:E) | E4: =AVERAGEIF(Hourly!B:B,3,Hourly!F:F) | F4: =SUMIF(Hourly!B:B,3,Hourly!G:G) | G4: =SUMIF(Hourly!B:B,3,Hourly!H:H) | H4: =F4+G4 | I4: =COUNTIFS(Hourly!B:B,3,Hourly!I:I,">0") | J4: =SUMIF(Hourly!B:B,3,Hourly!I:I) | K4: =SUMIF(Hourly!B:B,3,Hourly!J:J) | L4: =MAXIFS(Hourly!I:I,Hourly!B:B,3) | M4: =MAXIFS(Hourly!L:L,Hourly!B:B,3) | N4: =MINIFS(Hourly!L:L,Hourly!B:B,3)
A5: 4 | B5: Apr | C5: =COUNTIF(Hourly!B:B,4) | D5: =AVERAGEIF(Hourly!B:B,4,Hourly!E:E) | E5: =AVERAGEIF(Hourly!B:B,4,Hourly!F:F) | F5: =SUMIF(Hourly!B:B,4,Hourly!G:G) | G5: =SUMIF(Hourly!B:B,4,Hourly!H:H) | H5: =F5+G5 | I5: =COUNTIFS(Hourly!B:B,4,Hourly!I:I,">0") | J5: =SUMIF(Hourly!B:B,4,Hourly!I:I) | K5: =SUMIF(Hourly!B:B,4,Hourly!J:J) | L5: =MAXIFS(Hourly!I:I,Hourly!B:B,4) | M5: =MAXIFS(Hourly!L:L,Hourly!B:B,4) | N5: =MINIFS(Hourly!L:L,Hourly!B:B,4)
A6: 5 | B6: May | C6: =COUNTIF(Hourly!B:B,5) | D6: =AVERAGEIF(Hourly!B:B,5,Hourly!E:E) | E6: =AVERAGEIF(Hourly!B:B,5,Hourly!F:F) | F6: =SUMIF(Hourly!B:B,5,Hourly!G:G) | G6: =SUMIF(Hourly!B:B,5,Hourly!H:H) | H6: =F6+G6 | I6: =COUNTIFS(Hourly!B:B,5,Hourly!I:I,">0") | J6: =SUMIF(Hourly!B:B,5,Hourly!I:I) | K6: =SUMIF(Hourly!B:B,5,Hourly!J:J) | L6: =MAXIFS(Hourly!I:I,Hourly!B:B,5) | M6: =MAXIFS(Hourly!L:L,Hourly!B:B,5) | N6: =MINIFS(Hourly!L:L,Hourly!B:B,5)
A7: 6 | B7: Jun | C7: =COUNTIF(Hourly!B:B,6) | D7: =AVERAGEIF(Hourly!B:B,6,Hourly!E:E) | E7: =AVERAGEIF(Hourly!B:B,6,Hourly!F:F) | F7: =SUMIF(Hourly!B:B,6,Hourly!G:G) | G7: =SUMIF(Hourly!B:B,6,Hourly!H:H) | H7: =F7+G7 | I7: =COUNTIFS(Hourly!B:B,6,Hourly!I:I,">0") | J7: =SUMIF(Hourly!B:B,6,Hourly!I:I) | K7: =SUMIF(Hourly!B:B,6,Hourly!J:J) | L7: =MAXIFS(Hourly!I:I,Hourly!B:B,6) | M7: =MAXIFS(Hourly!L:L,Hourly!B:B,6) | N7: =MINIFS(Hourly!L:L,Hourly!B:B,6)
A8: 7 | B8: Jul | C8: =COUNTIF(Hourly!B:B,7) | D8: =AVERAGEIF(Hourly!B:B,7,Hourly!E:E) | E8: =AVERAGEIF(Hourly!B:B,7,Hourly!F:F) | F8: =SUMIF(Hourly!B:B,7,Hourly!G:G) | G8: =SUMIF(Hourly!B:B,7,Hourly!H:H) | H8: =F8+G8 | I8: =COUNTIFS(Hourly!B:B,7,Hourly!I:I,">0") | J8: =SUMIF(Hourly!B:B,7,Hourly!I:I) | K8: =SUMIF(Hourly!B:B,7,Hourly!J:J) | L8: =MAXIFS(Hourly!I:I,Hourly!B:B,7) | M8: =MAXIFS(Hourly!L:L,Hourly!B:B,7) | N8: =MINIFS(Hourly!L:L,Hourly!B:B,7)
A9: 8 | B9: Aug | C9: =COUNTIF(Hourly!B:B,8) | D9: =AVERAGEIF(Hourly!B:B,8,Hourly!E:E) | E9: =AVERAGEIF(Hourly!B:B,8,Hourly!F:F) | F9: =SUMIF(Hourly!B:B,8,Hourly!G:G) | G9: =SUMIF(Hourly!B:B,8,Hourly!H:H) | H9: =F9+G9 | I9: =COUNTIFS(Hourly!B:B,8,Hourly!I:I,">0") | J9: =SUMIF(Hourly!B:B,8,Hourly!I:I) | K9: =SUMIF(Hourly!B:B,8,Hourly!J:J) | L9: =MAXIFS(Hourly!I:I,Hourly!B:B,8) | M9: =MAXIFS(Hourly!L:L,Hourly!B:B,8) | N9: =MINIFS(Hourly!L:L,Hourly!B:B,8)
A10: 9 | B10: Sep | C10: =COUNTIF(Hourly!B:B,9) | D10: =AVERAGEIF(Hourly!B:B,9,Hourly!E:E) | E10: =AVERAGEIF(Hourly!B:B,9,Hourly!F:F) | F10: =SUMIF(Hourly!B:B,9,Hourly!G:G) | G10: =SUMIF(Hourly!B:B,9,Hourly!H:H) | H10: =F10+G10 | I10: =COUNTIFS(Hourly!B:B,9,Hourly!I:I,">0") | J10: =SUMIF(Hourly!B:B,9,Hourly!I:I) | K10: =SUMIF(Hourly!B:B,9,Hourly!J:J) | L10: =MAXIFS(Hourly!I:I,Hourly!B:B,9) | M10: =MAXIFS(Hourly!L:L,Hourly!B:B,9) | N10: =MINIFS(Hourly!L:L,Hourly!B:B,9)
A11: 10 | B11: Oct | C11: =COUNTIF(Hourly!B:B,10) | D11: =AVERAGEIF(Hourly!B:B,10,Hourly!E:E) | E11: =AVERAGEIF(Hourly!B:B,10,Hourly!F:F) | F11: =SUMIF(Hourly!B:B,10,Hourly!G:G) | G11: =SUMIF(Hourly!B:B,10,Hourly!H:H) | H11: =F11+G11 | I11: =COUNTIFS(Hourly!B:B,10,Hourly!I:I,">0") | J11: =SUMIF(Hourly!B:B,10,Hourly!I:I) | K11: =SUMIF(Hourly!B:B,10,Hourly!J:J) | L11: =MAXIFS(Hourly!I:I,Hourly!B:B,10) | M11: =MAXIFS(Hourly!L:L,Hourly!B:B,10) | N11: =MINIFS(Hourly!L:L,Hourly!B:B,10)
A12: 11 | B12: Nov | C12: =COUNTIF(Hourly!B:B,11) | D12: =AVERAGEIF(Hourly!B:B,11,Hourly!E:E) | E12: =AVERAGEIF(Hourly!B:B,11,Hourly!F:F) | F12: =SUMIF(Hourly!B:B,11,Hourly!G:G) | G12: =SUMIF(Hourly!B:B,11,Hourly!H:H) | H12: =F12+G12 | I12: =COUNTIFS(Hourly!B:B,11,Hourly!I:I,">0") | J12: =SUMIF(Hourly!B:B,11,Hourly!I:I) | K12: =SUMIF(Hourly!B:B,11,Hourly!J:J) | L12: =MAXIFS(Hourly!I:I,Hourly!B:B,11) | M12: =MAXIFS(Hourly!L:L,Hourly!B:B,11) | N12: =MINIFS(Hourly!L:L,Hourly!B:B,11)
A13: 12 | B13: Dec | C13: =COUNTIF(Hourly!B:B,12) | D13: =AVERAGEIF(Hourly!B:B,12,Hourly!E:E) | E13: =AVERAGEIF(Hourly!B:B,12,Hourly!F:F) | F13: =SUMIF(Hourly!B:B,12,Hourly!G:G) | G13: =SUMIF(Hourly!B:B,12,Hourly!H:H) | H13: =F13+G13 | I13: =COUNTIFS(Hourly!B:B,12,Hourly!I:I,">0") | J13: =SUMIF(Hourly!B:B,12,Hourly!I:I) | K13: =SUMIF(Hourly!B:B,12,Hourly!J:J) | L13: =MAXIFS(Hourly!I:I,Hourly!B:B,12) | M13: =MAXIFS(Hourly!L:L,Hourly!B:B,12) | N13: =MINIFS(Hourly!L:L,Hourly!B:B,12)
A14: TOTAL | C14: =SUM(C2:C13) | F14: =SUM(F2:F13) | G14: =SUM(G2:G13) | H14: =SUM(H2:H13) | I14: =SUM(I2:I13) | J14: =SUM(J2:J13) | K14: =SUM(K2:K13)

Sheet Key Insights
A1: BASELOAD PPA KEY INSIGHTS
A3: 1. NON-LINEAR BATTERY SCALING
A4: Battery requirements scale exponentially with baseload percentage:
A5: - 50% baseload: ~1 MWh battery
A6: - 80% baseload: ~8 MWh battery
A7: - 100% baseload: ~109 MWh battery
A8: Implication: Target 80% for best cost/delivery balance
A10: 2. SUMMER NIGHTS ARE THE BOTTLENECK
A11: Critical periods are July-August nights, not winter:
A12: - Weaker summer winds (reduced pressure gradients)
A13: - Anticyclones can persist for days
A14: - Solar contributes nothing at night
... A36: - Monetize surplus production on spot market

Sheet Sensitivity
A1: BATTERY REQUIREMENT SENSITIVITY
A3: Baseload % | B3: Baseload (MW) | C3: Deficit Hours | D3: Deficit % | E3: Battery (MWh) | F3: Duration (days)
A4: 0.5 | B4: 0.208 | C4: 447 | D4: 0.05 | E4: 1 | F4: 0.6
A5: 0.6 | B5: 0.249 | C5: 1153 | D5: 0.13 | E5: 3 | F5: 0.9
A6: 0.7 | B6: 0.291 | C6: 2186 | D6: 0.25 | E6: 5 | F6: 1.1
A7: 0.8 | B7: 0.332 | C7: 3319 | D7: 0.38 | E7: 8 | F7: 1.6
A8: 0.9 | B8: 0.374 | C8: 4560 | D8: 0.52 | E8: 17 | F8: 2.8
A9: 1 | B9: 0.415 | C9: 5671 | D9: 0.65 | E9: 109 | F9: 15.5
