Workbook

Sheet Parametrar
A1: BASELOAD PPA VALIDERING
A3: REDIGERBARA PARAMETRAR
A4: Baseload (MW) | B4: 0.23147687
A5: Batterieffektivitet | B5: 0.9
A6: Sol installerat (MW) | B6: 0.4
A7: Vind installerat (MW) | B7: 1.6
A9: FASTA PARAMETRAR
A10: Zon | B10: SE3
A11: År | B11: 2024
A12: Solprofil | B12: south_lundby
A13: Timmar | B13: 8784
A15: BERÄKNADE NYCKELTAL
A16: Total produktion (MWh) | B16: =SUM(Timberäkning!D:D)
A17: Baseload-behov (MWh) | B17: =B4*B13
A18: Total deficit (MWh) | B18: =SUM(Timberäkning!G:G)
A19: Total surplus (MWh) | B19: =SUM(Timberäkning!H:H)
A20: Deficit-timmar | B20: =COUNTIF(Timberäkning!G:G,">0")
A21: Surplus-timmar | B21: =COUNTIF(Timberäkning!H:H,">0")
A22: Max deficit (MW) | B22: =MAX(Timberäkning!G:G)
A23: Max batteribehov (MWh) | B23: =MAX(Timberäkning!K:K)
A24: Batteriduration (h) | B24: =B23/B4

Sheet Sol Profil
A1: Timestamp | B1: Månad | C1: Dag | D1: Timme | E1: Norm (0-1) | F1: MW
A2: 2024-01-01 00:00 | B2: 1 | C2: 1 | D2: 0 | E2: 0 | F2: =E2*Parametrar!$B$6
A3: 2024-01-01 01:00 | B3: 1 | C3: 1 | D3: 1 | E3: 0 | F3: =E3*Parametrar!$B$6
A4: 2024-01-01 02:00 | B4: 1 | C4: 1 | D4: 2 | E4: 0 | F4: =E4*Parametrar!$B$6
A5: 2024-01-01 03:00 | B5: 1 | C5: 1 | D5: 3 | E5: 0 | F5: =E5*Parametrar!$B$6
A6: 2024-01-01 04:00 | B6: 1 | C6: 1 | D6: 4 | E6: 0 | F6: =E6*Parametrar!$B$6
A7: 2024-01-01 05:00 | B7: 1 | C7: 1 | D7: 5 | E7: 0 | F7: =E7*Parametrar!$B$6
A8: 2024-01-01 06:00 | B8: 1 | C8: 1 | D8: 6 | E8: 0 | F8: =E8*Parametrar!$B$6
A9: 2024-01-01 07:00 | B9: 1 | C9: 1 | D9: 7 | E9: 0 | F9: =E9*Parametrar!$B$6
A10: 2024-01-01 08:00 | B10: 1 | C10: 1 | D10: 8 | E10: 0 | F10: =E10*Parametrar!$B$6
A11: 2024-01-01 09:00 | B11: 1 | C11: 1 | D11: 9 | E11: 0.030882 | F11: =E11*Parametrar!$B$6
A12: 2024-01-01 10:00 | B12: 1 | C12: 1 | D12: 10 | E12: 0.119721 | F12: =E12*Parametrar!$B$6
A13: 2024-01-01 11:00 | B13: 1 | C13: 1 | D13: 11 | E13: 0.180765 | F13: =E13*Parametrar!$B$6
... A8785: 2024-12-31 23:00 | B8785: 12 | C8785: 31 | D8785: 23 | E8785: 0 | F8785: =E8785*Parametrar!$B$6

Sheet Vind Profil
A1: Timestamp | B1: Månad | C1: Dag | D1: Timme | E1: CF (0-1) | F1: MW
A2: 2024-01-01 00:00 | B2: 1 | C2: 1 | D2: 0 | E2: 0.46996168 | F2: =E2*Parametrar!$B$7
A3: 2024-01-01 01:00 | B3: 1 | C3: 1 | D3: 1 | E3: 0.44086907 | F3: =E3*Parametrar!$B$7
A4: 2024-01-01 02:00 | B4: 1 | C4: 1 | D4: 2 | E4: 0.43093436 | F4: =E4*Parametrar!$B$7
A5: 2024-01-01 03:00 | B5: 1 | C5: 1 | D5: 3 | E5: 0.4197084 | F5: =E5*Parametrar!$B$7
A6: 2024-01-01 04:00 | B6: 1 | C6: 1 | D6: 4 | E6: 0.41030074 | F6: =E6*Parametrar!$B$7
A7: 2024-01-01 05:00 | B7: 1 | C7: 1 | D7: 5 | E7: 0.40376544 | F7: =E7*Parametrar!$B$7
A8: 2024-01-01 06:00 | B8: 1 | C8: 1 | D8: 6 | E8: 0.39838963 | F8: =E8*Parametrar!$B$7
A9: 2024-01-01 07:00 | B9: 1 | C9: 1 | D9: 7 | E9: 0.39053673 | F9: =E9*Parametrar!$B$7
A10: 2024-01-01 08:00 | B10: 1 | C10: 1 | D10: 8 | E10: 0.38365886 | F10: =E10*Parametrar!$B$7
A11: 2024-01-01 09:00 | B11: 1 | C11: 1 | D11: 9 | E11: 0.37946889 | F11: =E11*Parametrar!$B$7
A12: 2024-01-01 10:00 | B12: 1 | C12: 1 | D12: 10 | E12: 0.37490999 | F12: =E12*Parametrar!$B$7
A13: 2024-01-01 11:00 | B13: 1 | C13: 1 | D13: 11 | E13: 0.36505434 | F13: =E13*Parametrar!$B$7
... A8785: 2024-12-31 23:00 | B8785: 12 | C8785: 31 | D8785: 23 | E8785: 0.46408518 | F8785: =E8785*Parametrar!$B$7

Sheet Timberäkning
A1: Timestamp | B1: Sol (MW) | C1: Vind (MW) | D1: Total (MW) | E1: Baseload (MW) | F1: Diff (MW) | G1: Deficit (MW) | H1: Surplus (MW) | I1: Net Flow (MWh) | J1: Cum Sum | K1: SOC (MWh)
A2: 2024-01-01 00:00 | B2: ='Sol Profil'!F2 | C2: ='Vind Profil'!F2 | D2: =B2+C2 | E2: =Parametrar!$B$4 | F2: =D2-E2 | G2: =MAX(0,-F2) | H2: =MAX(0,F2) | I2: =IF(F2>0,H2*Parametrar!$B$5,-G2) | J2: =I2 | K2: =MAX($J$2:J2)-J2
A3: 2024-01-01 01:00 | B3: ='Sol Profil'!F3 | C3: ='Vind Profil'!F3 | D3: =B3+C3 | E3: =Parametrar!$B$4 | F3: =D3-E3 | G3: =MAX(0,-F3) | H3: =MAX(0,F3) | I3: =IF(F3>0,H3*Parametrar!$B$5,-G3) | J3: =J2+I3 | K3: =MAX($J$2:J3)-J3
A4: 2024-01-01 02:00 | B4: ='Sol Profil'!F4 | C4: ='Vind Profil'!F4 | D4: =B4+C4 | E4: =Parametrar!$B$4 | F4: =D4-E4 | G4: =MAX(0,-F4) | H4: =MAX(0,F4) | I4: =IF(F4>0,H4*Parametrar!$B$5,-G4) | J4: =J3+I4 | K4: =MAX($J$2:J4)-J4
A5: 2024-01-01 03:00 | B5: ='Sol Profil'!F5 | C5: ='Vind Profil'!F5 | D5: =B5+C5 | E5: =Parametrar!$B$4 | F5: =D5-E5 | G5: =MAX(0,-F5) | H5: =MAX(0,F5) | I5: =IF(F5>0,H5*Parametrar!$B$5,-G5) | J5: =J4+I5 | K5: =MAX($J$2:J5)-J5
A6: 2024-01-01 04:00 | B6: ='Sol Profil'!F6 | C6: ='Vind Profil'!F6 | D6: =B6+C6 | E6: =Parametrar!$B$4 | F6: =D6-E6 | G6: =MAX(0,-F6) | H6: =MAX(0,F6) | I6: =IF(F6>0,H6*Parametrar!$B$5,-G6) | J6: =J5+I6 | K6: =MAX($J$2:J6)-J6
A7: 2024-01-01 05:00 | B7: ='Sol Profil'!F7 | C7: ='Vind Profil'!F7 | D7: =B7+C7 | E7: =Parametrar!$B$4 | F7: =D7-E7 | G7: =MAX(0,-F7) | H7: =MAX(0,F7) | I7: =IF(F7>0,H7*Parametrar!$B$5,-G7) | J7: =J6+I7 | K7: =MAX($J$2:J7)-J7
A8: 2024-01-01 06:00 | B8: ='Sol Profil'!F8 | C8: ='Vind Profil'!F8 | D8: =B8+C8 | E8: =Parametrar!$B$4 | F8: =D8-E8 | G8: =MAX(0,-F8) | H8: =MAX(0,F8) | I8: =IF(F8>0,H8*Parametrar!$B$5,-G8) | J8: =J7+I8 | K8: =MAX($J$2:J8)-J8
A9: 2024-01-01 07:00 | B9: ='Sol Profil'!F9 | C9: ='Vind Profil'!F9 | D9: =B9+C9 | E9: =Parametrar!$B$4 | F9: =D9-E9 | G9: =MAX(0,-F9) | H9: =MAX(0,F9) | I9: =IF(F9>0,H9*Parametrar!$B$5,-G9) | J9: =J8+I9 | K9: =MAX($J$2:J9)-J9
A10: 2024-01-01 08:00 | B10: ='Sol Profil'!F10 | C10: ='Vind Profil'!F10 | D10: =B10+C10 | E10: =Parametrar!$B$4 | F10: =D10-E10 | G10: =MAX(0,-F10) | H10: =MAX(0,F10) | I10: =IF(F10>0,H10*Parametrar!$B$5,-G10) | J10: =J9+I10 | K10: =MAX($J$2:J10)-J10
A11: 2024-01-01 09:00 | B11: ='Sol Profil'!F11 | C11: ='Vind Profil'!F11 | D11: =B11+C11 | E11: =Parametrar!$B$4 | F11: =D11-E11 | G11: =MAX(0,-F11) | H11: =MAX(0,F11) | I11: =IF(F11>0,H11*Parametrar!$B$5,-G11) | J11: =J10+I11 | K11: =MAX($J$2:J11)-J11
A12: 2024-01-01 10:00 | B12: ='Sol Profil'!F12 | C12: ='Vind Profil'!F12 | D12: =B12+C12 | E12: =Parametrar!$B$4 | F12: =D12-E12 | G12: =MAX(0,-F12) | H12: =MAX(0,F12) | I12: =IF(F12>0,H12*Parametrar!$B$5,-G12) | J12: =J11+I12 | K12: =MAX($J$2:J12)-J12
A13: 2024-01-01 11:00 | B13: ='Sol Profil'!F13 | C13: ='Vind Profil'!F13 | D13: =B13+C13 | E13: =Parametrar!$B$4 | F13: =D13-E13 | G13: =MAX(0,-F13) | H13: =MAX(0,F13) | I13: =IF(F13>0,H13*Parametrar!$B$5,-G13) | J13: =J12+I13 | K13: =MAX($J$2:J13)-J13
A14: 2024-01-01 12:00 | B14: ='Sol Profil'!F14 | C14: ='Vind Profil'!F14 | D14: =B14+C14 | E14: =Parametrar!$B$4 | F14: =D14-E14 | G14: =MAX(0,-F14) | H14: =MAX(0,F14) | I14: =IF(F14>0,H14*Parametrar!$B$5,-G14) | J14: =J13+I14 | K14: =MAX($J$2:J14)-J14
... A8785: 2024-12-31 23:00 | B8785: ='Sol Profil'!F8785 | C8785: ='Vind Profil'!F8785 | D8785: =B8785+C8785 | E8785: =Parametrar!$B$4 | F8785: =D8785-E8785 | G8785: =MAX(0,-F8785) | H8785: =MAX(0,F8785) | I8785: =IF(F8785>0,H8785*Parametrar!$B$5,-G8785) | J8785: =J8784+I8785 | K8785: =MAX($J$2:J8785)-J8785

Sheet Daglig Summering
A1: Datum | B1: Sol (MWh) | C1: Vind (MWh) | D1: Total (MWh) | E1: Baseload (MWh) | F1: Deficit (MWh) | G1: Surplus (MWh) | H1: Max SOC (MWh) | I1: Status
A2: 2024-01-01 | B2: =SUM(Timberäkning!B2:B25) | C2: =SUM(Timberäkning!C2:C25) | D2: =SUM(Timberäkning!D2:D25) | E2: =Parametrar!$B$4*24 | F2: =SUM(Timberäkning!G2:G25) | G2: =SUM(Timberäkning!H2:H25) | H2: =MAX(Timberäkning!K2:K25) | I2: =IF(F2>0,"DEFICIT","OK")
A3: 2024-01-02 | B3: =SUM(Timberäkning!B26:B49) | C3: =SUM(Timberäkning!C26:C49) | D3: =SUM(Timberäkning!D26:D49) | E3: =Parametrar!$B$4*24 | F3: =SUM(Timberäkning!G26:G49) | G3: =SUM(Timberäkning!H26:H49) | H3: =MAX(Timberäkning!K26:K49) | I3: =IF(F3>0,"DEFICIT","OK")
A4: 2024-01-03 | B4: =SUM(Timberäkning!B50:B73) | C4: =SUM(Timberäkning!C50:C73) | D4: =SUM(Timberäkning!D50:D73) | E4: =Parametrar!$B$4*24 | F4: =SUM(Timberäkning!G50:G73) | G4: =SUM(Timberäkning!H50:H73) | H4: =MAX(Timberäkning!K50:K73) | I4: =IF(F4>0,"DEFICIT","OK")
A5: 2024-01-04 | B5: =SUM(Timberäkning!B74:B97) | C5: =SUM(Timberäkning!C74:C97) | D5: =SUM(Timberäkning!D74:D97) | E5: =Parametrar!$B$4*24 | F5: =SUM(Timberäkning!G74:G97) | G5: =SUM(Timberäkning!H74:H97) | H5: =MAX(Timberäkning!K74:K97) | I5: =IF(F5>0,"DEFICIT","OK")
A6: 2024-01-05 | B6: =SUM(Timberäkning!B98:B121) | C6: =SUM(Timberäkning!C98:C121) | D6: =SUM(Timberäkning!D98:D121) | E6: =Parametrar!$B$4*24 | F6: =SUM(Timberäkning!G98:G121) | G6: =SUM(Timberäkning!H98:H121) | H6: =MAX(Timberäkning!K98:K121) | I6: =IF(F6>0,"DEFICIT","OK")
A7: 2024-01-06 | B7: =SUM(Timberäkning!B122:B145) | C7: =SUM(Timberäkning!C122:C145) | D7: =SUM(Timberäkning!D122:D145) | E7: =Parametrar!$B$4*24 | F7: =SUM(Timberäkning!G122:G145) | G7: =SUM(Timberäkning!H122:H145) | H7: =MAX(Timberäkning!K122:K145) | I7: =IF(F7>0,"DEFICIT","OK")
A8: 2024-01-07 | B8: =SUM(Timberäkning!B146:B169) | C8: =SUM(Timberäkning!C146:C169) | D8: =SUM(Timberäkning!D146:D169) | E8: =Parametrar!$B$4*24 | F8: =SUM(Timberäkning!G146:G169) | G8: =SUM(Timberäkning!H146:H169) | H8: =MAX(Timberäkning!K146:K169) | I8: =IF(F8>0,"DEFICIT","OK")
A9: 2024-01-08 | B9: =SUM(Timberäkning!B170:B193) | C9: =SUM(Timberäkning!C170:C193) | D9: =SUM(Timberäkning!D170:D193) | E9: =Parametrar!$B$4*24 | F9: =SUM(Timberäkning!G170:G193) | G9: =SUM(Timberäkning!H170:H193) | H9: =MAX(Timberäkning!K170:K193) | I9: =IF(F9>0,"DEFICIT","OK")
A10: 2024-01-09 | B10: =SUM(Timberäkning!B194:B217) | C10: =SUM(Timberäkning!C194:C217) | D10: =SUM(Timberäkning!D194:D217) | E10: =Parametrar!$B$4*24 | F10: =SUM(Timberäkning!G194:G217) | G10: =SUM(Timberäkning!H194:H217) | H10: =MAX(Timberäkning!K194:K217) | I10: =IF(F10>0,"DEFICIT","OK")
A11: 2024-01-10 | B11: =SUM(Timberäkning!B218:B241) | C11: =SUM(Timberäkning!C218:C241) | D11: =SUM(Timberäkning!D218:D241) | E11: =Parametrar!$B$4*24 | F11: =SUM(Timberäkning!G218:G241) | G11: =SUM(Timberäkning!H218:H241) | H11: =MAX(Timberäkning!K218:K241) | I11: =IF(F11>0,"DEFICIT","OK")
A12: 2024-01-11 | B12: =SUM(Timberäkning!B242:B265) | C12: =SUM(Timberäkning!C242:C265) | D12: =SUM(Timberäkning!D242:D265) | E12: =Parametrar!$B$4*24 | F12: =SUM(Timberäkning!G242:G265) | G12: =SUM(Timberäkning!H242:H265) | H12: =MAX(Timberäkning!K242:K265) | I12: =IF(F12>0,"DEFICIT","OK")
A13: 2024-01-12 | B13: =SUM(Timberäkning!B266:B289) | C13: =SUM(Timberäkning!C266:C289) | D13: =SUM(Timberäkning!D266:D289) | E13: =Parametrar!$B$4*24 | F13: =SUM(Timberäkning!G266:G289) | G13: =SUM(Timberäkning!H266:H289) | H13: =MAX(Timberäkning!K266:K289) | I13: =IF(F13>0,"DEFICIT","OK")
A14: 2024-01-13 | B14: =SUM(Timberäkning!B290:B313) | C14: =SUM(Timberäkning!C290:C313) | D14: =SUM(Timberäkning!D290:D313) | E14: =Parametrar!$B$4*24 | F14: =SUM(Timberäkning!G290:G313) | G14: =SUM(Timberäkning!H290:H313) | H14: =MAX(Timberäkning!K290:K313) | I14: =IF(F14>0,"DEFICIT","OK")
A15: 2024-01-14 | B15: =SUM(Timberäkning!B314:B337) | C15: =SUM(Timberäkning!C314:C337) | D15: =SUM(Timberäkning!D314:D337) | E15: =Parametrar!$B$4*24 | F15: =SUM(Timberäkning!G314:G337) | G15: =SUM(Timberäkning!H314:H337) | H15: =MAX(Timberäkning!K314:K337) | I15: =IF(F15>0,"DEFICIT","OK")
A16: 2024-01-15 | B16: =SUM(Timberäkning!B338:B361) | C16: =SUM(Timberäkning!C338:C361) | D16: =SUM(Timberäkning!D338:D361) | E16: =Parametrar!$B$4*24 | F16: =SUM(Timberäkning!G338:G361) | G16: =SUM(Timberäkning!H338:H361) | H16: =MAX(Timberäkning!K338:K361) | I16: =IF(F16>0,"DEFICIT","OK")
A17: 2024-01-16 | B17: =SUM(Timberäkning!B362:B385) | C17: =SUM(Timberäkning!C362:C385) | D17: =SUM(Timberäkning!D362:D385) | E17: =Parametrar!$B$4*24 | F17: =SUM(Timberäkning!G362:G385) | G17: =SUM(Timberäkning!H362:H385) | H17: =MAX(Timberäkning!K362:K385) | I17: =IF(F17>0,"DEFICIT","OK")
A18: 2024-01-17 | B18: =SUM(Timberäkning!B386:B409) | C18: =SUM(Timberäkning!C386:C409) | D18: =SUM(Timberäkning!D386:D409) | E18: =Parametrar!$B$4*24 | F18: =SUM(Timberäkning!G386:G409) | G18: =SUM(Timberäkning!H386:H409) | H18: =MAX(Timberäkning!K386:K409) | I18: =IF(F18>0,"DEFICIT","OK")
A19: 2024-01-18 | B19: =SUM(Timberäkning!B410:B433) | C19: =SUM(Timberäkning!C410:C433) | D19: =SUM(Timberäkning!D410:D433) | E19: =Parametrar!$B$4*24 | F19: =SUM(Timberäkning!G410:G433) | G19: =SUM(Timberäkning!H410:H433) | H19: =MAX(Timberäkning!K410:K433) | I19: =IF(F19>0,"DEFICIT","OK")
A20: 2024-01-19 | B20: =SUM(Timberäkning!B434:B457) | C20: =SUM(Timberäkning!C434:C457) | D20: =SUM(Timberäkning!D434:D457) | E20: =Parametrar!$B$4*24 | F20: =SUM(Timberäkning!G434:G457) | G20: =SUM(Timberäkning!H434:H457) | H20: =MAX(Timberäkning!K434:K457) | I20: =IF(F20>0,"DEFICIT","OK")
A21: 2024-01-20 | B21: =SUM(Timberäkning!B458:B481) | C21: =SUM(Timberäkning!C458:C481) | D21: =SUM(Timberäkning!D458:D481) | E21: =Parametrar!$B$4*24 | F21: =SUM(Timberäkning!G458:G481) | G21: =SUM(Timberäkning!H458:H481) | H21: =MAX(Timberäkning!K458:K481) | I21: =IF(F21>0,"DEFICIT","OK")
A22: 2024-01-21 | B22: =SUM(Timberäkning!B482:B505) | C22: =SUM(Timberäkning!C482:C505) | D22: =SUM(Timberäkning!D482:D505) | E22: =Parametrar!$B$4*24 | F22: =SUM(Timberäkning!G482:G505) | G22: =SUM(Timberäkning!H482:H505) | H22: =MAX(Timberäkning!K482:K505) | I22: =IF(F22>0,"DEFICIT","OK")
A23: 2024-01-22 | B23: =SUM(Timberäkning!B506:B529) | C23: =SUM(Timberäkning!C506:C529) | D23: =SUM(Timberäkning!D506:D529) | E23: =Parametrar!$B$4*24 | F23: =SUM(Timberäkning!G506:G529) | G23: =SUM(Timberäkning!H506:H529) | H23: =MAX(Timberäkning!K506:K529) | I23: =IF(F23>0,"DEFICIT","OK")
A24: 2024-01-23 | B24: =SUM(Timberäkning!B530:B553) | C24: =SUM(Timberäkning!C530:C553) | D24: =SUM(Timberäkning!D530:D553) | E24: =Parametrar!$B$4*24 | F24: =SUM(Timberäkning!G530:G553) | G24: =SUM(Timberäkning!H530:H553) | H24: =MAX(Timberäkning!K530:K553) | I24: =IF(F24>0,"DEFICIT","OK")
A25: 2024-01-24 | B25: =SUM(Timberäkning!B554:B577) | C25: =SUM(Timberäkning!C554:C577) | D25: =SUM(Timberäkning!D554:D577) | E25: =Parametrar!$B$4*24 | F25: =SUM(Timberäkning!G554:G577) | G25: =SUM(Timberäkning!H554:H577) | H25: =MAX(Timberäkning!K554:K577) | I25: =IF(F25>0,"DEFICIT","OK")
A26: 2024-01-25 | B26: =SUM(Timberäkning!B578:B601) | C26: =SUM(Timberäkning!C578:C601) | D26: =SUM(Timberäkning!D578:D601) | E26: =Parametrar!$B$4*24 | F26: =SUM(Timberäkning!G578:G601) | G26: =SUM(Timberäkning!H578:H601) | H26: =MAX(Timberäkning!K578:K601) | I26: =IF(F26>0,"DEFICIT","OK")
A27: 2024-01-26 | B27: =SUM(Timberäkning!B602:B625) | C27: =SUM(Timberäkning!C602:C625) | D27: =SUM(Timberäkning!D602:D625) | E27: =Parametrar!$B$4*24 | F27: =SUM(Timberäkning!G602:G625) | G27: =SUM(Timberäkning!H602:H625) | H27: =MAX(Timberäkning!K602:K625) | I27: =IF(F27>0,"DEFICIT","OK")
A28: 2024-01-27 | B28: =SUM(Timberäkning!B626:B649) | C28: =SUM(Timberäkning!C626:C649) | D28: =SUM(Timberäkning!D626:D649) | E28: =Parametrar!$B$4*24 | F28: =SUM(Timberäkning!G626:G649) | G28: =SUM(Timberäkning!H626:H649) | H28: =MAX(Timberäkning!K626:K649) | I28: =IF(F28>0,"DEFICIT","OK")
A29: 2024-01-28 | B29: =SUM(Timberäkning!B650:B673) | C29: =SUM(Timberäkning!C650:C673) | D29: =SUM(Timberäkning!D650:D673) | E29: =Parametrar!$B$4*24 | F29: =SUM(Timberäkning!G650:G673) | G29: =SUM(Timberäkning!H650:H673) | H29: =MAX(Timberäkning!K650:K673) | I29: =IF(F29>0,"DEFICIT","OK")
A30: 2024-01-29 | B30: =SUM(Timberäkning!B674:B697) | C30: =SUM(Timberäkning!C674:C697) | D30: =SUM(Timberäkning!D674:D697) | E30: =Parametrar!$B$4*24 | F30: =SUM(Timberäkning!G674:G697) | G30: =SUM(Timberäkning!H674:H697) | H30: =MAX(Timberäkning!K674:K697) | I30: =IF(F30>0,"DEFICIT","OK")
A31: 2024-01-30 | B31: =SUM(Timberäkning!B698:B721) | C31: =SUM(Timberäkning!C698:C721) | D31: =SUM(Timberäkning!D698:D721) | E31: =Parametrar!$B$4*24 | F31: =SUM(Timberäkning!G698:G721) | G31: =SUM(Timberäkning!H698:H721) | H31: =MAX(Timberäkning!K698:K721) | I31: =IF(F31>0,"DEFICIT","OK")
A32: 2024-01-31 | B32: =SUM(Timberäkning!B722:B745) | C32: =SUM(Timberäkning!C722:C745) | D32: =SUM(Timberäkning!D722:D745) | E32: =Parametrar!$B$4*24 | F32: =SUM(Timberäkning!G722:G745) | G32: =SUM(Timberäkning!H722:H745) | H32: =MAX(Timberäkning!K722:K745) | I32: =IF(F32>0,"DEFICIT","OK")
A33: 2024-02-01 | B33: =SUM(Timberäkning!B746:B769) | C33: =SUM(Timberäkning!C746:C769) | D33: =SUM(Timberäkning!D746:D769) | E33: =Parametrar!$B$4*24 | F33: =SUM(Timberäkning!G746:G769) | G33: =SUM(Timberäkning!H746:H769) | H33: =MAX(Timberäkning!K746:K769) | I33: =IF(F33>0,"DEFICIT","OK")
A34: 2024-02-02 | B34: =SUM(Timberäkning!B770:B793) | C34: =SUM(Timberäkning!C770:C793) | D34: =SUM(Timberäkning!D770:D793) | E34: =Parametrar!$B$4*24 | F34: =SUM(Timberäkning!G770:G793) | G34: =SUM(Timberäkning!H770:H793) | H34: =MAX(Timberäkning!K770:K793) | I34: =IF(F34>0,"DEFICIT","OK")
A35: 2024-02-03 | B35: =SUM(Timberäkning!B794:B817) | C35: =SUM(Timberäkning!C794:C817) | D35: =SUM(Timberäkning!D794:D817) | E35: =Parametrar!$B$4*24 | F35: =SUM(Timberäkning!G794:G817) | G35: =SUM(Timberäkning!H794:H817) | H35: =MAX(Timberäkning!K794:K817) | I35: =IF(F35>0,"DEFICIT","OK")
A36: 2024-02-04 | B36: =SUM(Timberäkning!B818:B841) | C36: =SUM(Timberäkning!C818:C841) | D36: =SUM(Timberäkning!D818:D841) | E36: =Parametrar!$B$4*24 | F36: =SUM(Timberäkning!G818:G841) | G36: =SUM(Timberäkning!H818:H841) | H36: =MAX(Timberäkning!K818:K841) | I36: =IF(F36>0,"DEFICIT","OK")
A37: 2024-02-05 | B37: =SUM(Timberäkning!B842:B865) | C37: =SUM(Timberäkning!C842:C865) | D37: =SUM(Timberäkning!D842:D865) | E37: =Parametrar!$B$4*24 | F37: =SUM(Timberäkning!G842:G865) | G37: =SUM(Timberäkning!H842:H865) | H37: =MAX(Timberäkning!K842:K865) | I37: =IF(F37>0,"DEFICIT","OK")
A38: 2024-02-06 | B38: =SUM(Timberäkning!B866:B889) | C38: =SUM(Timberäkning!C866:C889) | D38: =SUM(Timberäkning!D866:D889) | E38: =Parametrar!$B$4*24 | F38: =SUM(Timberäkning!G866:G889) | G38: =SUM(Timberäkning!H866:H889) | H38: =MAX(Timberäkning!K866:K889) | I38: =IF(F38>0,"DEFICIT","OK")
A39: 2024-02-07 | B39: =SUM(Timberäkning!B890:B913) | C39: =SUM(Timberäkning!C890:C913) | D39: =SUM(Timberäkning!D890:D913) | E39: =Parametrar!$B$4*24 | F39: =SUM(Timberäkning!G890:G913) | G39: =SUM(Timberäkning!H890:H913) | H39: =MAX(Timberäkning!K890:K913) | I39: =IF(F39>0,"DEFICIT","OK")
A40: 2024-02-08 | B40: =SUM(Timberäkning!B914:B937) | C40: =SUM(Timberäkning!C914:C937) | D40: =SUM(Timberäkning!D914:D937) | E40: =Parametrar!$B$4*24 | F40: =SUM(Timberäkning!G914:G937) | G40: =SUM(Timberäkning!H914:H937) | H40: =MAX(Timberäkning!K914:K937) | I40: =IF(F40>0,"DEFICIT","OK")
A41: 2024-02-09 | B41: =SUM(Timberäkning!B938:B961) | C41: =SUM(Timberäkning!C938:C961) | D41: =SUM(Timberäkning!D938:D961) | E41: =Parametrar!$B$4*24 | F41: =SUM(Timberäkning!G938:G961) | G41: =SUM(Timberäkning!H938:H961) | H41: =MAX(Timberäkning!K938:K961) | I41: =IF(F41>0,"DEFICIT","OK")
A42: 2024-02-10 | B42: =SUM(Timberäkning!B962:B985) | C42: =SUM(Timberäkning!C962:C985) | D42: =SUM(Timberäkning!D962:D985) | E42: =Parametrar!$B$4*24 | F42: =SUM(Timberäkning!G962:G985) | G42: =SUM(Timberäkning!H962:H985) | H42: =MAX(Timberäkning!K962:K985) | I42: =IF(F42>0,"DEFICIT","OK")
A43: 2024-02-11 | B43: =SUM(Timberäkning!B986:B1009) | C43: =SUM(Timberäkning!C986:C1009) | D43: =SUM(Timberäkning!D986:D1009) | E43: =Parametrar!$B$4*24 | F43: =SUM(Timberäkning!G986:G1009) | G43: =SUM(Timberäkning!H986:H1009) | H43: =MAX(Timberäkning!K986:K1009) | I43: =IF(F43>0,"DEFICIT","OK")
A44: 2024-02-12 | B44: =SUM(Timberäkning!B1010:B1033) | C44: =SUM(Timberäkning!C1010:C1033) | D44: =SUM(Timberäkning!D1010:D1033) | E44: =Parametrar!$B$4*24 | F44: =SUM(Timberäkning!G1010:G1033) | G44: =SUM(Timberäkning!H1010:H1033) | H44: =MAX(Timberäkning!K1010:K1033) | I44: =IF(F44>0,"DEFICIT","OK")
A45: 2024-02-13 | B45: =SUM(Timberäkning!B1034:B1057) | C45: =SUM(Timberäkning!C1034:C1057) | D45: =SUM(Timberäkning!D1034:D1057) | E45: =Parametrar!$B$4*24 | F45: =SUM(Timberäkning!G1034:G1057) | G45: =SUM(Timberäkning!H1034:H1057) | H45: =MAX(Timberäkning!K1034:K1057) | I45: =IF(F45>0,"DEFICIT","OK")
A46: 2024-02-14 | B46: =SUM(Timberäkning!B1058:B1081) | C46: =SUM(Timberäkning!C1058:C1081) | D46: =SUM(Timberäkning!D1058:D1081) | E46: =Parametrar!$B$4*24 | F46: =SUM(Timberäkning!G1058:G1081) | G46: =SUM(Timberäkning!H1058:H1081) | H46: =MAX(Timberäkning!K1058:K1081) | I46: =IF(F46>0,"DEFICIT","OK")
A47: 2024-02-15 | B47: =SUM(Timberäkning!B1082:B1105) | C47: =SUM(Timberäkning!C1082:C1105) | D47: =SUM(Timberäkning!D1082:D1105) | E47: =Parametrar!$B$4*24 | F47: =SUM(Timberäkning!G1082:G1105) | G47: =SUM(Timberäkning!H1082:H1105) | H47: =MAX(Timberäkning!K1082:K1105) | I47: =IF(F47>0,"DEFICIT","OK")
A48: 2024-02-16 | B48: =SUM(Timberäkning!B1106:B1129) | C48: =SUM(Timberäkning!C1106:C1129) | D48: =SUM(Timberäkning!D1106:D1129) | E48: =Parametrar!$B$4*24 | F48: =SUM(Timberäkning!G1106:G1129) | G48: =SUM(Timberäkning!H1106:H1129) | H48: =MAX(Timberäkning!K1106:K1129) | I48: =IF(F48>0,"DEFICIT","OK")
A49: 2024-02-17 | B49: =SUM(Timberäkning!B1130:B1153) | C49: =SUM(Timberäkning!C1130:C1153) | D49: =SUM(Timberäkning!D1130:D1153) | E49: =Parametrar!$B$4*24 | F49: =SUM(Timberäkning!G1130:G1153) | G49: =SUM(Timberäkning!H1130:H1153) | H49: =MAX(Timberäkning!K1130:K1153) | I49: =IF(F49>0,"DEFICIT","OK")
A50: 2024-02-18 | B50: =SUM(Timberäkning!B1154:B1177) | C50: =SUM(Timberäkning!C1154:C1177) | D50: =SUM(Timberäkning!D1154:D1177) | E50: =Parametrar!$B$4*24 | F50: =SUM(Timberäkning!G1154:G1177) | G50: =SUM(Timberäkning!H1154:H1177) | H50: =MAX(Timberäkning!K1154:K1177) | I50: =IF(F50>0,"DEFICIT","OK")
A51: 2024-02-19 | B51: =SUM(Timberäkning!B1178:B1201) | C51: =SUM(Timberäkning!C1178:C1201) | D51: =SUM(Timberäkning!D1178:D1201) | E51: =Parametrar!$B$4*24 | F51: =SUM(Timberäkning!G1178:G1201) | G51: =SUM(Timberäkning!H1178:H1201) | H51: =MAX(Timberäkning!K1178:K1201) | I51: =IF(F51>0,"DEFICIT","OK")
A52: 2024-02-20 | B52: =SUM(Timberäkning!B1202:B1225) | C52: =SUM(Timberäkning!C1202:C1225) | D52: =SUM(Timberäkning!D1202:D1225) | E52: =Parametrar!$B$4*24 | F52: =SUM(Timberäkning!G1202:G1225) | G52: =SUM(Timberäkning!H1202:H1225) | H52: =MAX(Timberäkning!K1202:K1225) | I52: =IF(F52>0,"DEFICIT","OK")
A53: 2024-02-21 | B53: =SUM(Timberäkning!B1226:B1249) | C53: =SUM(Timberäkning!C1226:C1249) | D53: =SUM(Timberäkning!D1226:D1249) | E53: =Parametrar!$B$4*24 | F53: =SUM(Timberäkning!G1226:G1249) | G53: =SUM(Timberäkning!H1226:H1249) | H53: =MAX(Timberäkning!K1226:K1249) | I53: =IF(F53>0,"DEFICIT","OK")
A54: 2024-02-22 | B54: =SUM(Timberäkning!B1250:B1273) | C54: =SUM(Timberäkning!C1250:C1273) | D54: =SUM(Timberäkning!D1250:D1273) | E54: =Parametrar!$B$4*24 | F54: =SUM(Timberäkning!G1250:G1273) | G54: =SUM(Timberäkning!H1250:H1273) | H54: =MAX(Timberäkning!K1250:K1273) | I54: =IF(F54>0,"DEFICIT","OK")
A55: 2024-02-23 | B55: =SUM(Timberäkning!B1274:B1297) | C55: =SUM(Timberäkning!C1274:C1297) | D55: =SUM(Timberäkning!D1274:D1297) | E55: =Parametrar!$B$4*24 | F55: =SUM(Timberäkning!G1274:G1297) | G55: =SUM(Timberäkning!H1274:H1297) | H55: =MAX(Timberäkning!K1274:K1297) | I55: =IF(F55>0,"DEFICIT","OK")
A56: 2024-02-24 | B56: =SUM(Timberäkning!B1298:B1321) | C56: =SUM(Timberäkning!C1298:C1321) | D56: =SUM(Timberäkning!D1298:D1321) | E56: =Parametrar!$B$4*24 | F56: =SUM(Timberäkning!G1298:G1321) | G56: =SUM(Timberäkning!H1298:H1321) | H56: =MAX(Timberäkning!K1298:K1321) | I56: =IF(F56>0,"DEFICIT","OK")
A57: 2024-02-25 | B57: =SUM(Timberäkning!B1322:B1345) | C57: =SUM(Timberäkning!C1322:C1345) | D57: =SUM(Timberäkning!D1322:D1345) | E57: =Parametrar!$B$4*24 | F57: =SUM(Timberäkning!G1322:G1345) | G57: =SUM(Timberäkning!H1322:H1345) | H57: =MAX(Timberäkning!K1322:K1345) | I57: =IF(F57>0,"DEFICIT","OK")
A58: 2024-02-26 | B58: =SUM(Timberäkning!B1346:B1369) | C58: =SUM(Timberäkning!C1346:C1369) | D58: =SUM(Timberäkning!D1346:D1369) | E58: =Parametrar!$B$4*24 | F58: =SUM(Timberäkning!G1346:G1369) | G58: =SUM(Timberäkning!H1346:H1369) | H58: =MAX(Timberäkning!K1346:K1369) | I58: =IF(F58>0,"DEFICIT","OK")
A59: 2024-02-27 | B59: =SUM(Timberäkning!B1370:B1393) | C59: =SUM(Timberäkning!C1370:C1393) | D59: =SUM(Timberäkning!D1370:D1393) | E59: =Parametrar!$B$4*24 | F59: =SUM(Timberäkning!G1370:G1393) | G59: =SUM(Timberäkning!H1370:H1393) | H59: =MAX(Timberäkning!K1370:K1393) | I59: =IF(F59>0,"DEFICIT","OK")
A60: 2024-02-28 | B60: =SUM(Timberäkning!B1394:B1417) | C60: =SUM(Timberäkning!C1394:C1417) | D60: =SUM(Timberäkning!D1394:D1417) | E60: =Parametrar!$B$4*24 | F60: =SUM(Timberäkning!G1394:G1417) | G60: =SUM(Timberäkning!H1394:H1417) | H60: =MAX(Timberäkning!K1394:K1417) | I60: =IF(F60>0,"DEFICIT","OK")
A61: 2024-02-29 | B61: =SUM(Timberäkning!B1418:B1441) | C61: =SUM(Timberäkning!C1418:C1441) | D61: =SUM(Timberäkning!D1418:D1441) | E61: =Parametrar!$B$4*24 | F61: =SUM(Timberäkning!G1418:G1441) | G61: =SUM(Timberäkning!H1418:H1441) | H61: =MAX(Timberäkning!K1418:K1441) | I61: =IF(F61>0,"DEFICIT","OK")
A62: 2024-03-01 | B62: =SUM(Timberäkning!B1442:B1465) | C62: =SUM(Timberäkning!C1442:C1465) | D62: =SUM(Timberäkning!D1442:D1465) | E62: =Parametrar!$B$4*24 | F62: =SUM(Timberäkning!G1442:G1465) | G62: =SUM(Timberäkning!H1442:H1465) | H62: =MAX(Timberäkning!K1442:K1465) | I62: =IF(F62>0,"DEFICIT","OK")
A63: 2024-03-02 | B63: =SUM(Timberäkning!B1466:B1489) | C63: =SUM(Timberäkning!C1466:C1489) | D63: =SUM(Timberäkning!D1466:D1489) | E63: =Parametrar!$B$4*24 | F63: =SUM(Timberäkning!G1466:G1489) | G63: =SUM(Timberäkning!H1466:H1489) | H63: =MAX(Timberäkning!K1466:K1489) | I63: =IF(F63>0,"DEFICIT","OK")
A64: 2024-03-03 | B64: =SUM(Timberäkning!B1490:B1513) | C64: =SUM(Timberäkning!C1490:C1513) | D64: =SUM(Timberäkning!D1490:D1513) | E64: =Parametrar!$B$4*24 | F64: =SUM(Timberäkning!G1490:G1513) | G64: =SUM(Timberäkning!H1490:H1513) | H64: =MAX(Timberäkning!K1490:K1513) | I64: =IF(F64>0,"DEFICIT","OK")
A65: 2024-03-04 | B65: =SUM(Timberäkning!B1514:B1537) | C65: =SUM(Timberäkning!C1514:C1537) | D65: =SUM(Timberäkning!D1514:D1537) | E65: =Parametrar!$B$4*24 | F65: =SUM(Timberäkning!G1514:G1537) | G65: =SUM(Timberäkning!H1514:H1537) | H65: =MAX(Timberäkning!K1514:K1537) | I65: =IF(F65>0,"DEFICIT","OK")
A66: 2024-03-05 | B66: =SUM(Timberäkning!B1538:B1561) | C66: =SUM(Timberäkning!C1538:C1561) | D66: =SUM(Timberäkning!D1538:D1561) | E66: =Parametrar!$B$4*24 | F66: =SUM(Timberäkning!G1538:G1561) | G66: =SUM(Timberäkning!H1538:H1561) | H66: =MAX(Timberäkning!K1538:K1561) | I66: =IF(F66>0,"DEFICIT","OK")
A67: 2024-03-06 | B67: =SUM(Timberäkning!B1562:B1585) | C67: =SUM(Timberäkning!C1562:C1585) | D67: =SUM(Timberäkning!D1562:D1585) | E67: =Parametrar!$B$4*24 | F67: =SUM(Timberäkning!G1562:G1585) | G67: =SUM(Timberäkning!H1562:H1585) | H67: =MAX(Timberäkning!K1562:K1585) | I67: =IF(F67>0,"DEFICIT","OK")
A68: 2024-03-07 | B68: =SUM(Timberäkning!B1586:B1609) | C68: =SUM(Timberäkning!C1586:C1609) | D68: =SUM(Timberäkning!D1586:D1609) | E68: =Parametrar!$B$4*24 | F68: =SUM(Timberäkning!G1586:G1609) | G68: =SUM(Timberäkning!H1586:H1609) | H68: =MAX(Timberäkning!K1586:K1609) | I68: =IF(F68>0,"DEFICIT","OK")
A69: 2024-03-08 | B69: =SUM(Timberäkning!B1610:B1633) | C69: =SUM(Timberäkning!C1610:C1633) | D69: =SUM(Timberäkning!D1610:D1633) | E69: =Parametrar!$B$4*24 | F69: =SUM(Timberäkning!G1610:G1633) | G69: =SUM(Timberäkning!H1610:H1633) | H69: =MAX(Timberäkning!K1610:K1633) | I69: =IF(F69>0,"DEFICIT","OK")
A70: 2024-03-09 | B70: =SUM(Timberäkning!B1634:B1657) | C70: =SUM(Timberäkning!C1634:C1657) | D70: =SUM(Timberäkning!D1634:D1657) | E70: =Parametrar!$B$4*24 | F70: =SUM(Timberäkning!G1634:G1657) | G70: =SUM(Timberäkning!H1634:H1657) | H70: =MAX(Timberäkning!K1634:K1657) | I70: =IF(F70>0,"DEFICIT","OK")
A71: 2024-03-10 | B71: =SUM(Timberäkning!B1658:B1681) | C71: =SUM(Timberäkning!C1658:C1681) | D71: =SUM(Timberäkning!D1658:D1681) | E71: =Parametrar!$B$4*24 | F71: =SUM(Timberäkning!G1658:G1681) | G71: =SUM(Timberäkning!H1658:H1681) | H71: =MAX(Timberäkning!K1658:K1681) | I71: =IF(F71>0,"DEFICIT","OK")
A72: 2024-03-11 | B72: =SUM(Timberäkning!B1682:B1705) | C72: =SUM(Timberäkning!C1682:C1705) | D72: =SUM(Timberäkning!D1682:D1705) | E72: =Parametrar!$B$4*24 | F72: =SUM(Timberäkning!G1682:G1705) | G72: =SUM(Timberäkning!H1682:H1705) | H72: =MAX(Timberäkning!K1682:K1705) | I72: =IF(F72>0,"DEFICIT","OK")
A73: 2024-03-12 | B73: =SUM(Timberäkning!B1706:B1729) | C73: =SUM(Timberäkning!C1706:C1729) | D73: =SUM(Timberäkning!D1706:D1729) | E73: =Parametrar!$B$4*24 | F73: =SUM(Timberäkning!G1706:G1729) | G73: =SUM(Timberäkning!H1706:H1729) | H73: =MAX(Timberäkning!K1706:K1729) | I73: =IF(F73>0,"DEFICIT","OK")
A74: 2024-03-13 | B74: =SUM(Timberäkning!B1730:B1753) | C74: =SUM(Timberäkning!C1730:C1753) | D74: =SUM(Timberäkning!D1730:D1753) | E74: =Parametrar!$B$4*24 | F74: =SUM(Timberäkning!G1730:G1753) | G74: =SUM(Timberäkning!H1730:H1753) | H74: =MAX(Timberäkning!K1730:K1753) | I74: =IF(F74>0,"DEFICIT","OK")
A75: 2024-03-14 | B75: =SUM(Timberäkning!B1754:B1777) | C75: =SUM(Timberäkning!C1754:C1777) | D75: =SUM(Timberäkning!D1754:D1777) | E75: =Parametrar!$B$4*24 | F75: =SUM(Timberäkning!G1754:G1777) | G75: =SUM(Timberäkning!H1754:H1777) | H75: =MAX(Timberäkning!K1754:K1777) | I75: =IF(F75>0,"DEFICIT","OK")
A76: 2024-03-15 | B76: =SUM(Timberäkning!B1778:B1801) | C76: =SUM(Timberäkning!C1778:C1801) | D76: =SUM(Timberäkning!D1778:D1801) | E76: =Parametrar!$B$4*24 | F76: =SUM(Timberäkning!G1778:G1801) | G76: =SUM(Timberäkning!H1778:H1801) | H76: =MAX(Timberäkning!K1778:K1801) | I76: =IF(F76>0,"DEFICIT","OK")
A77: 2024-03-16 | B77: =SUM(Timberäkning!B1802:B1825) | C77: =SUM(Timberäkning!C1802:C1825) | D77: =SUM(Timberäkning!D1802:D1825) | E77: =Parametrar!$B$4*24 | F77: =SUM(Timberäkning!G1802:G1825) | G77: =SUM(Timberäkning!H1802:H1825) | H77: =MAX(Timberäkning!K1802:K1825) | I77: =IF(F77>0,"DEFICIT","OK")
A78: 2024-03-17 | B78: =SUM(Timberäkning!B1826:B1849) | C78: =SUM(Timberäkning!C1826:C1849) | D78: =SUM(Timberäkning!D1826:D1849) | E78: =Parametrar!$B$4*24 | F78: =SUM(Timberäkning!G1826:G1849) | G78: =SUM(Timberäkning!H1826:H1849) | H78: =MAX(Timberäkning!K1826:K1849) | I78: =IF(F78>0,"DEFICIT","OK")
A79: 2024-03-18 | B79: =SUM(Timberäkning!B1850:B1873) | C79: =SUM(Timberäkning!C1850:C1873) | D79: =SUM(Timberäkning!D1850:D1873) | E79: =Parametrar!$B$4*24 | F79: =SUM(Timberäkning!G1850:G1873) | G79: =SUM(Timberäkning!H1850:H1873) | H79: =MAX(Timberäkning!K1850:K1873) | I79: =IF(F79>0,"DEFICIT","OK")
A80: 2024-03-19 | B80: =SUM(Timberäkning!B1874:B1897) | C80: =SUM(Timberäkning!C1874:C1897) | D80: =SUM(Timberäkning!D1874:D1897) | E80: =Parametrar!$B$4*24 | F80: =SUM(Timberäkning!G1874:G1897) | G80: =SUM(Timberäkning!H1874:H1897) | H80: =MAX(Timberäkning!K1874:K1897) | I80: =IF(F80>0,"DEFICIT","OK")
A81: 2024-03-20 | B81: =SUM(Timberäkning!B1898:B1921) | C81: =SUM(Timberäkning!C1898:C1921) | D81: =SUM(Timberäkning!D1898:D1921) | E81: =Parametrar!$B$4*24 | F81: =SUM(Timberäkning!G1898:G1921) | G81: =SUM(Timberäkning!H1898:H1921) | H81: =MAX(Timberäkning!K1898:K1921) | I81: =IF(F81>0,"DEFICIT","OK")
A82: 2024-03-21 | B82: =SUM(Timberäkning!B1922:B1945) | C82: =SUM(Timberäkning!C1922:C1945) | D82: =SUM(Timberäkning!D1922:D1945) | E82: =Parametrar!$B$4*24 | F82: =SUM(Timberäkning!G1922:G1945) | G82: =SUM(Timberäkning!H1922:H1945) | H82: =MAX(Timberäkning!K1922:K1945) | I82: =IF(F82>0,"DEFICIT","OK")
A83: 2024-03-22 | B83: =SUM(Timberäkning!B1946:B1969) | C83: =SUM(Timberäkning!C1946:C1969) | D83: =SUM(Timberäkning!D1946:D1969) | E83: =Parametrar!$B$4*24 | F83: =SUM(Timberäkning!G1946:G1969) | G83: =SUM(Timberäkning!H1946:H1969) | H83: =MAX(Timberäkning!K1946:K1969) | I83: =IF(F83>0,"DEFICIT","OK")
A84: 2024-03-23 | B84: =SUM(Timberäkning!B1970:B1993) | C84: =SUM(Timberäkning!C1970:C1993) | D84: =SUM(Timberäkning!D1970:D1993) | E84: =Parametrar!$B$4*24 | F84: =SUM(Timberäkning!G1970:G1993) | G84: =SUM(Timberäkning!H1970:H1993) | H84: =MAX(Timberäkning!K1970:K1993) | I84: =IF(F84>0,"DEFICIT","OK")
A85: 2024-03-24 | B85: =SUM(Timberäkning!B1994:B2017) | C85: =SUM(Timberäkning!C1994:C2017) | D85: =SUM(Timberäkning!D1994:D2017) | E85: =Parametrar!$B$4*24 | F85: =SUM(Timberäkning!G1994:G2017) | G85: =SUM(Timberäkning!H1994:H2017) | H85: =MAX(Timberäkning!K1994:K2017) | I85: =IF(F85>0,"DEFICIT","OK")
A86: 2024-03-25 | B86: =SUM(Timberäkning!B2018:B2041) | C86: =SUM(Timberäkning!C2018:C2041) | D86: =SUM(Timberäkning!D2018:D2041) | E86: =Parametrar!$B$4*24 | F86: =SUM(Timberäkning!G2018:G2041) | G86: =SUM(Timberäkning!H2018:H2041) | H86: =MAX(Timberäkning!K2018:K2041) | I86: =IF(F86>0,"DEFICIT","OK")
A87: 2024-03-26 | B87: =SUM(Timberäkning!B2042:B2065) | C87: =SUM(Timberäkning!C2042:C2065) | D87: =SUM(Timberäkning!D2042:D2065) | E87: =Parametrar!$B$4*24 | F87: =SUM(Timberäkning!G2042:G2065) | G87: =SUM(Timberäkning!H2042:H2065) | H87: =MAX(Timberäkning!K2042:K2065) | I87: =IF(F87>0,"DEFICIT","OK")
A88: 2024-03-27 | B88: =SUM(Timberäkning!B2066:B2089) | C88: =SUM(Timberäkning!C2066:C2089) | D88: =SUM(Timberäkning!D2066:D2089) | E88: =Parametrar!$B$4*24 | F88: =SUM(Timberäkning!G2066:G2089) | G88: =SUM(Timberäkning!H2066:H2089) | H88: =MAX(Timberäkning!K2066:K2089) | I88: =IF(F88>0,"DEFICIT","OK")
A89: 2024-03-28 | B89: =SUM(Timberäkning!B2090:B2113) | C89: =SUM(Timberäkning!C2090:C2113) | D89: =SUM(Timberäkning!D2090:D2113) | E89: =Parametrar!$B$4*24 | F89: =SUM(Timberäkning!G2090:G2113) | G89: =SUM(Timberäkning!H2090:H2113) | H89: =MAX(Timberäkning!K2090:K2113) | I89: =IF(F89>0,"DEFICIT","OK")
A90: 2024-03-29 | B90: =SUM(Timberäkning!B2114:B2137) | C90: =SUM(Timberäkning!C2114:C2137) | D90: =SUM(Timberäkning!D2114:D2137) | E90: =Parametrar!$B$4*24 | F90: =SUM(Timberäkning!G2114:G2137) | G90: =SUM(Timberäkning!H2114:H2137) | H90: =MAX(Timberäkning!K2114:K2137) | I90: =IF(F90>0,"DEFICIT","OK")
A91: 2024-03-30 | B91: =SUM(Timberäkning!B2138:B2161) | C91: =SUM(Timberäkning!C2138:C2161) | D91: =SUM(Timberäkning!D2138:D2161) | E91: =Parametrar!$B$4*24 | F91: =SUM(Timberäkning!G2138:G2161) | G91: =SUM(Timberäkning!H2138:H2161) | H91: =MAX(Timberäkning!K2138:K2161) | I91: =IF(F91>0,"DEFICIT","OK")
A92: 2024-03-31 | B92: =SUM(Timberäkning!B2162:B2185) | C92: =SUM(Timberäkning!C2162:C2185) | D92: =SUM(Timberäkning!D2162:D2185) | E92: =Parametrar!$B$4*24 | F92: =SUM(Timberäkning!G2162:G2185) | G92: =SUM(Timberäkning!H2162:H2185) | H92: =MAX(Timberäkning!K2162:K2185) | I92: =IF(F92>0,"DEFICIT","OK")
A93: 2024-04-01 | B93: =SUM(Timberäkning!B2186:B2209) | C93: =SUM(Timberäkning!C2186:C2209) | D93: =SUM(Timberäkning!D2186:D2209) | E93: =Parametrar!$B$4*24 | F93: =SUM(Timberäkning!G2186:G2209) | G93: =SUM(Timberäkning!H2186:H2209) | H93: =MAX(Timberäkning!K2186:K2209) | I93: =IF(F93>0,"DEFICIT","OK")
A94: 2024-04-02 | B94: =SUM(Timberäkning!B2210:B2233) | C94: =SUM(Timberäkning!C2210:C2233) | D94: =SUM(Timberäkning!D2210:D2233) | E94: =Parametrar!$B$4*24 | F94: =SUM(Timberäkning!G2210:G2233) | G94: =SUM(Timberäkning!H2210:H2233) | H94: =MAX(Timberäkning!K2210:K2233) | I94: =IF(F94>0,"DEFICIT","OK")
A95: 2024-04-03 | B95: =SUM(Timberäkning!B2234:B2257) | C95: =SUM(Timberäkning!C2234:C2257) | D95: =SUM(Timberäkning!D2234:D2257) | E95: =Parametrar!$B$4*24 | F95: =SUM(Timberäkning!G2234:G2257) | G95: =SUM(Timberäkning!H2234:H2257) | H95: =MAX(Timberäkning!K2234:K2257) | I95: =IF(F95>0,"DEFICIT","OK")
A96: 2024-04-04 | B96: =SUM(Timberäkning!B2258:B2281) | C96: =SUM(Timberäkning!C2258:C2281) | D96: =SUM(Timberäkning!D2258:D2281) | E96: =Parametrar!$B$4*24 | F96: =SUM(Timberäkning!G2258:G2281) | G96: =SUM(Timberäkning!H2258:H2281) | H96: =MAX(Timberäkning!K2258:K2281) | I96: =IF(F96>0,"DEFICIT","OK")
A97: 2024-04-05 | B97: =SUM(Timberäkning!B2282:B2305) | C97: =SUM(Timberäkning!C2282:C2305) | D97: =SUM(Timberäkning!D2282:D2305) | E97: =Parametrar!$B$4*24 | F97: =SUM(Timberäkning!G2282:G2305) | G97: =SUM(Timberäkning!H2282:H2305) | H97: =MAX(Timberäkning!K2282:K2305) | I97: =IF(F97>0,"DEFICIT","OK")
A98: 2024-04-06 | B98: =SUM(Timberäkning!B2306:B2329) | C98: =SUM(Timberäkning!C2306:C2329) | D98: =SUM(Timberäkning!D2306:D2329) | E98: =Parametrar!$B$4*24 | F98: =SUM(Timberäkning!G2306:G2329) | G98: =SUM(Timberäkning!H2306:H2329) | H98: =MAX(Timberäkning!K2306:K2329) | I98: =IF(F98>0,"DEFICIT","OK")
A99: 2024-04-07 | B99: =SUM(Timberäkning!B2330:B2353) | C99: =SUM(Timberäkning!C2330:C2353) | D99: =SUM(Timberäkning!D2330:D2353) | E99: =Parametrar!$B$4*24 | F99: =SUM(Timberäkning!G2330:G2353) | G99: =SUM(Timberäkning!H2330:H2353) | H99: =MAX(Timberäkning!K2330:K2353) | I99: =IF(F99>0,"DEFICIT","OK")
A100: 2024-04-08 | B100: =SUM(Timberäkning!B2354:B2377) | C100: =SUM(Timberäkning!C2354:C2377) | D100: =SUM(Timberäkning!D2354:D2377) | E100: =Parametrar!$B$4*24 | F100: =SUM(Timberäkning!G2354:G2377) | G100: =SUM(Timberäkning!H2354:H2377) | H100: =MAX(Timberäkning!K2354:K2377) | I100: =IF(F100>0,"DEFICIT","OK")
...

Sheet Kritiska Timmar
A1: Rank | B1: Timestamp | C1: Sol (MW) | D1: Vind (MW) | E1: Total (MW) | F1: Baseload (MW) | G1: Deficit (MW) | H1: Cum Sum
A2: 1 | B2: 2024-07-25 05:00 | C2: 0.0090708 | D2: 0.16751443 | E2: 0.17658523 | F2: 0.23147687 | G2: 0.054891632 | H2: 1293.5929
A3: 2 | B3: 2024-07-24 06:00 | C3: 0.0188616 | D3: 0.15828069 | E3: 0.17714229 | F3: 0.23147687 | G3: 0.054334575 | H3: 1293.6649
A4: 3 | B4: 2024-07-19 20:00 | C4: 0.0051548 | D4: 0.17426055 | E4: 0.17941535 | F4: 0.23147687 | G4: 0.052061518 | H4: 1286.3893
A5: 4 | B5: 2024-07-19 19:00 | C5: 0.0163492 | D5: 0.16591223 | E5: 0.18226143 | F5: 0.23147687 | G5: 0.049215434 | H5: 1286.4414
A6: 5 | B6: 2024-07-25 06:00 | C6: 0.0336748 | D6: 0.15005886 | E6: 0.18373366 | F6: 0.23147687 | G6: 0.047743201 | H6: 1293.5451
A7: 6 | B7: 2024-07-24 07:00 | C7: 0.0354584 | D7: 0.15069131 | E7: 0.18614971 | F7: 0.23147687 | G7: 0.045327153 | H7: 1293.6196
A8: 7 | B8: 2024-07-20 05:00 | C8: 0.0174204 | D8: 0.17025504 | E8: 0.18767544 | F8: 0.23147687 | G8: 0.043801423 | H8: 1286.3899
A9: 8 | B9: 2024-08-01 05:00 | C9: 0.0141648 | D9: 0.1739654 | E9: 0.1881302 | F9: 0.23147687 | G9: 0.043346661 | H9: 1314.2263
A10: 9 | B10: 2024-07-25 04:00 | C10: 0.003132 | D10: 0.18678302 | E10: 0.18991502 | F10: 0.23147687 | G10: 0.041561845 | H10: 1293.6478
A11: 10 | B11: 2024-08-01 19:00 | C11: 0.0084888 | D11: 0.18421107 | E11: 0.19269987 | F11: 0.23147687 | G11: 0.038777001 | H11: 1315.6219
A12: 11 | B12: 2024-06-27 06:00 | C12: 0.0182276 | D12: 0.17468218 | E12: 0.19290978 | F12: 0.23147687 | G12: 0.038567086 | H12: 1177.792
A13: 12 | B13: 2024-07-23 19:00 | C13: 0.0079916 | D13: 0.18530731 | E13: 0.19329891 | F13: 0.23147687 | G13: 0.038177957 | H13: 1293.9052
... A66: 65 | B66: 2024-05-19 18:00 | C66: 0.0256476 | D66: 0.20554565 | E66: 0.23119325 | F66: 0.23147687 | G66: 0.00028361632 | H66: 1001.523

Sheet Sammanfattning
A1: RESULTATSAMMANFATTNING
A3: NYCKELRESULTAT
A4: Total produktion | B4: =Parametrar!B16 | C4: MWh
A5: Baseload-behov | B5: =Parametrar!B17 | C5: MWh
A6: Leveransgrad | B6: =Parametrar!B16/Parametrar!B17 | C6: %
A8: Total deficit | B8: =Parametrar!B18 | C8: MWh
A9: Total surplus | B9: =Parametrar!B19 | C9: MWh
A10: Energibalans | B10: =Parametrar!B19*Parametrar!B5-Parametrar!B18 | C10: MWh
A12: Deficit-timmar | B12: =Parametrar!B20 | C12: st
A13: Surplus-timmar | B13: =Parametrar!B21 | C13: st
A15: Max deficit | B15: =Parametrar!B22 | C15: MW
A16: Max batteribehov | B16: =Parametrar!B23 | C16: MWh
A17: Batteriduration | B17: =Parametrar!B24 | C17: h
A20: FEASIBILITY
A21: Energibalans OK? | B21: =IF(B10>=0,"JA","NEJ - Omöjligt")
